codice	gu_date	type	number	date_of_act	status	differences	title_differs	gu_number	entry_into_force	gazzetta_url
003G0218	2003-07-29	DECRETO_LEGISLATIVO	196	2003-06-30	ERROR	HTTP 500 for https://www.gazzettaufficiale.it/eli/id/2003/07/29/003G0218/sg				https://www.gazzettaufficiale.it/eli/id/2003/07/29/003G0218/sg
18G00129	2018-09-04	DECRETO_LEGISLATIVO	101	2018-08-10	MATCH			205	2018-09-19	https://www.gazzettaufficiale.it/eli/id/2018/09/04/18G00129/sg
20G00004	2020-01-09	DECRETO-LEGGE	1	2020-01-09	MATCH			6	2020-01-10	https://www.gazzettaufficiale.it/eli/id/2020/01/09/20G00004/sg
20G00009	2020-01-31	LEGGE	2	2020-01-30	MATCH			25	2020-02-01	https://www.gazzettaufficiale.it/eli/id/2020/01/31/20G00009/sg
20G00013	2020-02-05	DECRETO-LEGGE	3	2020-02-05	MATCH			29	2020-02-06	https://www.gazzettaufficiale.it/eli/id/2020/02/05/20G00013/sg
20G00016	2020-02-12	DECRETO_LEGISLATIVO	4	2020-02-06	MATCH			35	2020-02-27	https://www.gazzettaufficiale.it/eli/id/2020/02/12/20G00016/sg
20G00015	2020-02-14	LEGGE	5	2020-02-07	MATCH			37	2020-02-15	https://www.gazzettaufficiale.it/eli/id/2020/02/14/20G00015/sg
20G00020	2020-02-23	DECRETO-LEGGE	6	2020-02-23	MATCH			45	2020-02-23	https://www.gazzettaufficiale.it/eli/id/2020/02/23/20G00020/sg
20G00022	2020-02-28	LEGGE	7	2020-02-28	MATCH			50	2020-02-29	https://www.gazzettaufficiale.it/eli/id/2020/02/28/20G00022/sg
20G00021	2020-02-29	LEGGE	8	2020-02-28	MATCH			51	2020-03-01	https://www.gazzettaufficiale.it/eli/id/2020/02/29/20G00021/sg
20G00026	2020-03-02	DECRETO-LEGGE	9	2020-03-02	MATCH			53	2020-03-02	https://www.gazzettaufficiale.it/eli/id/2020/03/02/20G00026/sg
20G00024	2020-03-04	LEGGE	10	2020-02-10	MATCH			55	2020-03-19	https://www.gazzettaufficiale.it/eli/id/2020/03/04/20G00024/sg
20G00029	2020-03-08	DECRETO-LEGGE	11	2020-03-08	MATCH			60	2020-03-08	https://www.gazzettaufficiale.it/eli/id/2020/03/08/20G00029/sg
20G00027	2020-03-09	LEGGE	12	2020-03-05	MATCH			61	2020-03-10	https://www.gazzettaufficiale.it/eli/id/2020/03/09/20G00027/sg
20G00028	2020-03-09	LEGGE	13	2020-03-05	MATCH			61	2020-03-10	https://www.gazzettaufficiale.it/eli/id/2020/03/09/20G00028/sg
20G00030	2020-03-09	DECRETO-LEGGE	14	2020-03-09	MATCH			62	2020-03-10	https://www.gazzettaufficiale.it/eli/id/2020/03/09/20G00030/sg
20G00023	2020-03-10	LEGGE	15	2020-02-13	MATCH			63	2020-03-25	https://www.gazzettaufficiale.it/eli/id/2020/03/10/20G00023/sg
20G00032	2020-03-13	DECRETO-LEGGE	16	2020-03-11	MATCH			66	2020-03-14	https://www.gazzettaufficiale.it/eli/id/2020/03/13/20G00032/sg
20G00031	2020-03-17	LEGGE	17	2020-02-28	MATCH			69	2020-04-01	https://www.gazzettaufficiale.it/eli/id/2020/03/17/20G00031/sg
20G00034	2020-03-17	DECRETO-LEGGE	18	2020-03-17	MATCH			70	2020-03-17	https://www.gazzettaufficiale.it/eli/id/2020/03/17/20G00034/sg
20G00035	2020-03-25	DECRETO-LEGGE	19	2020-03-25	MATCH			79	2020-03-26	https://www.gazzettaufficiale.it/eli/id/2020/03/25/20G00035/sg
20G00038	2020-04-04	LEGGE	21	2020-04-02	MATCH			90	2020-04-05	https://www.gazzettaufficiale.it/eli/id/2020/04/04/20G00038/sg
20G00042	2020-04-08	DECRETO-LEGGE	22	2020-04-08	MATCH			93	2020-04-09	https://www.gazzettaufficiale.it/eli/id/2020/04/08/20G00042/sg
20G00043	2020-04-08	DECRETO-LEGGE	23	2020-04-08	MATCH			94	2020-04-09	https://www.gazzettaufficiale.it/eli/id/2020/04/08/20G00043/sg
20G00044	2020-04-20	DECRETO-LEGGE	26	2020-04-20	MATCH			103	2020-04-21	https://www.gazzettaufficiale.it/eli/id/2020/04/20/20G00044/sg
20G00045	2020-04-29	LEGGE	27	2020-04-24	MATCH			110	2020-04-30	https://www.gazzettaufficiale.it/eli/id/2020/04/29/20G00045/sg
20G00046	2020-04-30	DECRETO-LEGGE	28	2020-04-30	MATCH			111	2020-05-01	https://www.gazzettaufficiale.it/eli/id/2020/04/30/20G00046/sg
20G00047	2020-05-10	DECRETO-LEGGE	29	2020-05-10	MATCH			119	2020-05-11	https://www.gazzettaufficiale.it/eli/id/2020/05/10/20G00047/sg
20G00048	2020-05-10	DECRETO-LEGGE	30	2020-05-10	MATCH			119	2020-05-11	https://www.gazzettaufficiale.it/eli/id/2020/05/10/20G00048/sg
20G00049	2020-05-12	LEGGE	31	2020-05-08	MATCH			121	2020-05-13	https://www.gazzettaufficiale.it/eli/id/2020/05/12/20G00049/sg
20G00051	2020-05-16	DECRETO-LEGGE	33	2020-05-16	MATCH			125	2020-05-16	https://www.gazzettaufficiale.it/eli/id/2020/05/16/20G00051/sg
20G00052	2020-05-19	DECRETO-LEGGE	34	2020-05-19	MATCH			128	2020-05-19	https://www.gazzettaufficiale.it/eli/id/2020/05/19/20G00052/sg
20G00057	2020-05-23	LEGGE	35	2020-05-22	MATCH			132	2020-05-24	https://www.gazzettaufficiale.it/eli/id/2020/05/23/20G00057/sg
20G00053	2020-05-26	DECRETO_LEGISLATIVO	36	2020-04-08	MATCH			134	2020-06-10	https://www.gazzettaufficiale.it/eli/id/2020/05/26/20G00053/sg
20G00054	2020-05-26	DECRETO_LEGISLATIVO	37	2020-04-22	MATCH			134	2020-06-10	https://www.gazzettaufficiale.it/eli/id/2020/05/26/20G00054/sg
20G00056	2020-05-27	DECRETO_LEGISLATIVO	38	2020-05-11	MATCH			135	2020-06-11	https://www.gazzettaufficiale.it/eli/id/2020/05/27/20G00056/sg
20G00055	2020-05-28	DECRETO_LEGISLATIVO	39	2020-05-11	MATCH			136	2020-06-12	https://www.gazzettaufficiale.it/eli/id/2020/05/28/20G00055/sg
20G00059	2020-06-06	LEGGE	41	2020-06-06	MATCH			143	2020-06-07	https://www.gazzettaufficiale.it/eli/id/2020/06/06/20G00059/sg
20G00060	2020-06-06	LEGGE	40	2020-06-05	MATCH			143	2020-06-07	https://www.gazzettaufficiale.it/eli/id/2020/06/06/20G00060/sg
20G00058	2020-06-08	DECRETO_LEGISLATIVO	42	2020-05-12	MATCH			144	2020-06-23	https://www.gazzettaufficiale.it/eli/id/2020/06/08/20G00058/sg
20G00061	2020-06-08	DECRETO_LEGISLATIVO	43	2020-05-12	MATCH			144	2020-06-23	https://www.gazzettaufficiale.it/eli/id/2020/06/08/20G00061/sg
20G00062	2020-06-09	DECRETO_LEGISLATIVO	44	2020-06-01	MATCH			145	2020-06-24	https://www.gazzettaufficiale.it/eli/id/2020/06/09/20G00062/sg
20G00063	2020-06-09	DECRETO_LEGISLATIVO	45	2020-06-01	MATCH			145	2020-06-10	https://www.gazzettaufficiale.it/eli/id/2020/06/09/20G00063/sg
20G00064	2020-06-09	DECRETO_LEGISLATIVO	46	2020-06-01	MATCH			145	2020-06-24	https://www.gazzettaufficiale.it/eli/id/2020/06/09/20G00064/sg
20G00065	2020-06-10	DECRETO_LEGISLATIVO	47	2020-06-09	MATCH			146	2020-06-25	https://www.gazzettaufficiale.it/eli/id/2020/06/10/20G00065/sg
20G00066	2020-06-10	DECRETO_LEGISLATIVO	48	2020-06-10	MATCH			146	2020-06-11	https://www.gazzettaufficiale.it/eli/id/2020/06/10/20G00066/sg
20G00067	2020-06-10	DECRETO_LEGISLATIVO	49	2020-06-10	MATCH			146	2020-06-25	https://www.gazzettaufficiale.it/eli/id/2020/06/10/20G00067/sg
20G00068	2020-06-10	DECRETO_LEGISLATIVO	50	2020-06-10	MATCH			146	2020-06-25	https://www.gazzettaufficiale.it/eli/id/2020/06/10/20G00068/sg
20G00078	2020-06-16	DECRETO-LEGGE	52	2020-06-16	MATCH			151	2020-06-17	https://www.gazzettaufficiale.it/eli/id/2020/06/16/20G00078/sg
20G00085	2020-06-19	LEGGE	59	2020-06-19	MATCH			154	2020-06-20	https://www.gazzettaufficiale.it/eli/id/2020/06/19/20G00085/sg
20G00079	2020-06-24	LEGGE	63	2020-06-05	MATCH			158	2020-06-25	https://www.gazzettaufficiale.it/eli/id/2020/06/24/20G00079/sg
20G00080	2020-06-24	LEGGE	64	2020-06-05	MATCH			158	2020-06-25	https://www.gazzettaufficiale.it/eli/id/2020/06/24/20G00080/sg
20G00081	2020-06-25	LEGGE	65	2020-06-05	MATCH			159	2020-06-26	https://www.gazzettaufficiale.it/eli/id/2020/06/25/20G00081/sg
20G00082	2020-06-25	LEGGE	66	2020-06-05	MATCH			159	2020-06-26	https://www.gazzettaufficiale.it/eli/id/2020/06/25/20G00082/sg
20G00083	2020-06-26	LEGGE	67	2020-06-05	MATCH			160	2020-06-27	https://www.gazzettaufficiale.it/eli/id/2020/06/26/20G00083/sg
20G00084	2020-06-26	DECRETO_LEGISLATIVO	68	2020-06-09	MATCH			160	2020-10-24	https://www.gazzettaufficiale.it/eli/id/2020/06/26/20G00084/sg
20G00088	2020-06-29	LEGGE	70	2020-06-25	MATCH			162	2020-06-30	https://www.gazzettaufficiale.it/eli/id/2020/06/29/20G00088/sg
20G00090	2020-07-09	LEGGE	72	2020-07-02	MATCH			171	2020-07-10	https://www.gazzettaufficiale.it/eli/id/2020/07/09/20G00090/sg
20G00093	2020-07-14	DECRETO_LEGISLATIVO	73	2020-07-14	MATCH			175	2020-07-29	https://www.gazzettaufficiale.it/eli/id/2020/07/14/20G00093/sg
20G00091	2020-07-15	DECRETO_LEGISLATIVO	75	2020-07-14	MATCH			177	2020-07-30	https://www.gazzettaufficiale.it/eli/id/2020/07/15/20G00091/sg
20G00092	2020-07-15	LEGGE	74	2020-07-14	MATCH			177	2020-07-16	https://www.gazzettaufficiale.it/eli/id/2020/07/15/20G00092/sg
20G00096	2020-07-16	DECRETO-LEGGE	76	2020-07-16	MATCH			178	2020-07-17	https://www.gazzettaufficiale.it/eli/id/2020/07/16/20G00096/sg
20G00095	2020-07-18	LEGGE	77	2020-07-17	MATCH			180	2020-07-19	https://www.gazzettaufficiale.it/eli/id/2020/07/18/20G00095/sg
20G00100	2020-07-28	LEGGE	81	2020-07-14	MATCH			188	2020-08-12	https://www.gazzettaufficiale.it/eli/id/2020/07/28/20G00100/sg
20G00101	2020-07-28	LEGGE	82	2020-07-17	MATCH			188	2020-07-29	https://www.gazzettaufficiale.it/eli/id/2020/07/28/20G00101/sg
20G00102	2020-07-30	DECRETO_LEGISLATIVO	84	2020-07-14	MATCH			190	2020-08-14	https://www.gazzettaufficiale.it/eli/id/2020/07/30/20G00102/sg
20G00112	2020-07-30	DECRETO-LEGGE	83	2020-07-30	MATCH			190	2020-07-30	https://www.gazzettaufficiale.it/eli/id/2020/07/30/20G00112/sg
20G00116	2020-07-31	DECRETO-LEGGE	86	2020-07-31	MATCH			191	2020-08-01	https://www.gazzettaufficiale.it/eli/id/2020/07/31/20G00116/sg
20G00104	2020-08-03	LEGGE	87	2020-07-17	MATCH			193	2020-08-04	https://www.gazzettaufficiale.it/eli/id/2020/08/03/20G00104/sg
20G00105	2020-08-03	LEGGE	88	2020-07-17	MATCH			193	2020-08-04	https://www.gazzettaufficiale.it/eli/id/2020/08/03/20G00105/sg
20G00106	2020-08-03	LEGGE	89	2020-07-17	MATCH			193	2020-08-04	https://www.gazzettaufficiale.it/eli/id/2020/08/03/20G00106/sg
20G00107	2020-08-04	LEGGE	90	2020-07-17	MATCH			194	2020-08-05	https://www.gazzettaufficiale.it/eli/id/2020/08/04/20G00107/sg
20G00108	2020-08-04	LEGGE	91	2020-07-17	MATCH			194	2020-08-05	https://www.gazzettaufficiale.it/eli/id/2020/08/04/20G00108/sg
20G00109	2020-08-04	LEGGE	92	2020-07-17	MATCH			194	2020-08-05	https://www.gazzettaufficiale.it/eli/id/2020/08/04/20G00109/sg
20G00110	2020-08-05	LEGGE	93	2020-07-17	MATCH			195	2020-08-06	https://www.gazzettaufficiale.it/eli/id/2020/08/05/20G00110/sg
20G00111	2020-08-05	LEGGE	94	2020-07-17	MATCH			195	2020-08-06	https://www.gazzettaufficiale.it/eli/id/2020/08/05/20G00111/sg
20G00113	2020-08-06	LEGGE	95	2020-07-23	MATCH			196	2020-08-07	https://www.gazzettaufficiale.it/eli/id/2020/08/06/20G00113/sg
20G00114	2020-08-06	LEGGE	96	2020-07-23	MATCH			196	2020-08-07	https://www.gazzettaufficiale.it/eli/id/2020/08/06/20G00114/sg
20G00115	2020-08-06	LEGGE	97	2020-07-23	MATCH			196	2020-10-05	https://www.gazzettaufficiale.it/eli/id/2020/08/06/20G00115/sg
20G00117	2020-08-08	LEGGE	98	2020-08-07	MATCH			198	2020-08-09	https://www.gazzettaufficiale.it/eli/id/2020/08/08/20G00117/sg
20G00118	2020-08-11	DECRETO_LEGISLATIVO	99	2020-07-30	MATCH			200	2020-08-12	https://www.gazzettaufficiale.it/eli/id/2020/08/11/20G00118/sg
20G00119	2020-08-11	DECRETO_LEGISLATIVO	100	2020-07-30	MATCH			200	2020-08-26	https://www.gazzettaufficiale.it/eli/id/2020/08/11/20G00119/sg
20G00121	2020-08-12	DECRETO_LEGISLATIVO	101	2020-07-31	MATCH			201	2020-08-27	https://www.gazzettaufficiale.it/eli/id/2020/08/12/20G00121/sg
20G00120	2020-08-13	DECRETO_LEGISLATIVO	102	2020-07-30	MATCH			202	2020-08-28	https://www.gazzettaufficiale.it/eli/id/2020/08/13/20G00120/sg
20G00122	2020-08-14	DECRETO-LEGGE	104	2020-08-14	MATCH			203	2020-08-15	https://www.gazzettaufficiale.it/eli/id/2020/08/14/20G00122/sg
20G00123	2020-08-14	DECRETO-LEGGE	103	2020-08-14	MATCH			203	2020-08-15	https://www.gazzettaufficiale.it/eli/id/2020/08/14/20G00123/sg
20G00126	2020-08-28	LEGGE	107	2020-07-29	MATCH			214	2020-09-12	https://www.gazzettaufficiale.it/eli/id/2020/08/28/20G00126/sg
20G00128	2020-09-05	DECRETO_LEGISLATIVO	109	2020-07-30	MATCH			221	2020-09-20	https://www.gazzettaufficiale.it/eli/id/2020/09/05/20G00128/sg
20G00134	2020-09-08	DECRETO-LEGGE	111	2020-09-08	MATCH			223	2020-09-09	https://www.gazzettaufficiale.it/eli/id/2020/09/08/20G00134/sg
20G00131	2020-09-09	LEGGE	113	2020-08-14	MATCH			224	2020-09-24	https://www.gazzettaufficiale.it/eli/id/2020/09/09/20G00131/sg
20G00132	2020-09-10	LEGGE	114	2020-08-14	MATCH			225	2020-09-11	https://www.gazzettaufficiale.it/eli/id/2020/09/10/20G00132/sg
20G00133	2020-09-11	LEGGE	115	2020-08-14	MATCH			226	2020-09-12	https://www.gazzettaufficiale.it/eli/id/2020/09/11/20G00133/sg
20G00135	2020-09-11	DECRETO_LEGISLATIVO	116	2020-09-03	MATCH			226	2020-09-26	https://www.gazzettaufficiale.it/eli/id/2020/09/11/20G00135/sg
20G00136	2020-09-12	DECRETO_LEGISLATIVO	118	2020-09-03	MATCH			227	2020-09-27	https://www.gazzettaufficiale.it/eli/id/2020/09/12/20G00136/sg
20G00137	2020-09-12	DECRETO_LEGISLATIVO	119	2020-09-03	MATCH			227	2020-09-27	https://www.gazzettaufficiale.it/eli/id/2020/09/12/20G00137/sg
20G00140	2020-09-12	DECRETO-LEGGE	117	2020-09-11	MATCH			227	2020-09-13	https://www.gazzettaufficiale.it/eli/id/2020/09/12/20G00140/sg
20G00138	2020-09-14	DECRETO_LEGISLATIVO	121	2020-09-03	MATCH			228	2020-09-29	https://www.gazzettaufficiale.it/eli/id/2020/09/14/20G00138/sg
20G00139	2020-09-14	LEGGE	120	2020-09-11	MATCH			228	2020-09-15	https://www.gazzettaufficiale.it/eli/id/2020/09/14/20G00139/sg
20G00141	2020-09-15	DECRETO_LEGISLATIVO	122	2020-09-15	MATCH			229	2020-09-30	https://www.gazzettaufficiale.it/eli/id/2020/09/15/20G00141/sg
20G00143	2020-09-28	LEGGE	124	2020-09-25	MATCH			240	2020-09-29	https://www.gazzettaufficiale.it/eli/id/2020/09/28/20G00143/sg
20G00144	2020-10-07	DECRETO-LEGGE	125	2020-10-07	MATCH			248	2020-10-08	https://www.gazzettaufficiale.it/eli/id/2020/10/07/20G00144/sg
20G00145	2020-10-13	LEGGE	126	2020-10-13	MATCH			253	2020-10-14	https://www.gazzettaufficiale.it/eli/id/2020/10/13/20G00145/sg
20G00146	2020-10-16	LEGGE	127	2020-10-08	MATCH			256	2020-10-31	https://www.gazzettaufficiale.it/eli/id/2020/10/16/20G00146/sg
20G00147	2020-10-16	LEGGE	128	2020-10-08	MATCH			256	2020-10-31	https://www.gazzettaufficiale.it/eli/id/2020/10/16/20G00147/sg
20G00149	2020-10-20	DECRETO-LEGGE	129	2020-10-20	MATCH			260	2020-10-21	https://www.gazzettaufficiale.it/eli/id/2020/10/20/20G00149/sg
20G00154	2020-10-21	DECRETO-LEGGE	130	2020-10-21	MATCH			261	2020-10-22	https://www.gazzettaufficiale.it/eli/id/2020/10/21/20G00154/sg
20G00152	2020-10-23	LEGGE	133	2020-10-01	MATCH			263	2020-10-24	https://www.gazzettaufficiale.it/eli/id/2020/10/23/20G00152/sg
20G00153	2020-10-27	LEGGE	134	2020-10-08	MATCH			267	2020-10-28	https://www.gazzettaufficiale.it/eli/id/2020/10/27/20G00153/sg
20G00155	2020-10-28	LEGGE	135	2020-10-08	MATCH			268	2020-10-29	https://www.gazzettaufficiale.it/eli/id/2020/10/28/20G00155/sg
20G00156	2020-10-28	LEGGE	136	2020-10-12	MATCH			268	2020-10-29	https://www.gazzettaufficiale.it/eli/id/2020/10/28/20G00156/sg
20G00166	2020-10-28	DECRETO-LEGGE	137	2020-10-28	MATCH			269	2020-10-29	https://www.gazzettaufficiale.it/eli/id/2020/10/28/20G00166/sg
20G00157	2020-10-29	LEGGE	138	2020-10-12	MATCH			270	2020-10-30	https://www.gazzettaufficiale.it/eli/id/2020/10/29/20G00157/sg
20G00158	2020-10-29	LEGGE	139	2020-10-12	MATCH			270	2020-10-30	https://www.gazzettaufficiale.it/eli/id/2020/10/29/20G00158/sg
20G00159	2020-10-30	LEGGE	140	2020-10-13	MATCH			271	2020-10-31	https://www.gazzettaufficiale.it/eli/id/2020/10/30/20G00159/sg
20G00160	2020-10-30	LEGGE	141	2020-10-13	MATCH			271	2020-10-31	https://www.gazzettaufficiale.it/eli/id/2020/10/30/20G00160/sg
20G00165	2020-10-30	DECRETO_LEGISLATIVO	142	2020-10-16	MATCH			271	2020-11-14	https://www.gazzettaufficiale.it/eli/id/2020/10/30/20G00165/sg
20G00161	2020-11-02	LEGGE	143	2020-10-08	MATCH			273	2020-11-03	https://www.gazzettaufficiale.it/eli/id/2020/11/02/20G00161/sg
20G00162	2020-11-02	LEGGE	144	2020-10-08	MATCH			273	2020-11-03	https://www.gazzettaufficiale.it/eli/id/2020/11/02/20G00162/sg
20G00163	2020-11-03	LEGGE	145	2020-10-12	MATCH			274	2020-11-04	https://www.gazzettaufficiale.it/eli/id/2020/11/03/20G00163/sg
20G00164	2020-11-04	LEGGE	146	2020-10-13	MATCH			275	2020-11-05	https://www.gazzettaufficiale.it/eli/id/2020/11/04/20G00164/sg
20G00167	2020-11-05	DECRETO_LEGISLATIVO	147	2020-10-26	MATCH			276	2021-09-01	https://www.gazzettaufficiale.it/eli/id/2020/11/05/20G00167/sg
20G00169	2020-11-07	DECRETO-LEGGE	148	2020-11-07	MATCH			278	2020-11-08	https://www.gazzettaufficiale.it/eli/id/2020/11/07/20G00169/sg
20G00170	2020-11-09	DECRETO-LEGGE	149	2020-11-09	MATCH			279	2020-11-09	https://www.gazzettaufficiale.it/eli/id/2020/11/09/20G00170/sg
20G00171	2020-11-10	DECRETO-LEGGE	150	2020-11-10	MATCH			280	2020-11-11	https://www.gazzettaufficiale.it/eli/id/2020/11/10/20G00171/sg
20G00172	2020-11-16	DECRETO_LEGISLATIVO	153	2020-10-26	MATCH			285	2020-12-01	https://www.gazzettaufficiale.it/eli/id/2020/11/16/20G00172/sg
20G00173	2020-11-16	DECRETO_LEGISLATIVO	152	2020-10-26	MATCH			285	2020-12-01	https://www.gazzettaufficiale.it/eli/id/2020/11/16/20G00173/sg
20G00175	2020-11-23	DECRETO-LEGGE	154	2020-11-23	MATCH			291	2020-11-24	https://www.gazzettaufficiale.it/eli/id/2020/11/23/20G00175/sg
20G00174	2020-11-26	LEGGE	155	2020-11-13	MATCH			294	2020-11-27	https://www.gazzettaufficiale.it/eli/id/2020/11/26/20G00174/sg
20G00183	2020-11-30	DECRETO-LEGGE	157	2020-11-30	MATCH			297	2020-11-30	https://www.gazzettaufficiale.it/eli/id/2020/11/30/20G00183/sg
20G00184	2020-12-02	DECRETO-LEGGE	158	2020-12-02	MATCH			299	2020-12-03	https://www.gazzettaufficiale.it/eli/id/2020/12/02/20G00184/sg
20G00182	2020-12-03	LEGGE	159	2020-11-27	MATCH			300	2020-12-04	https://www.gazzettaufficiale.it/eli/id/2020/12/03/20G00182/sg
20G00185	2020-12-07	DECRETO_LEGISLATIVO	160	2020-11-12	MATCH			304	2020-12-22	https://www.gazzettaufficiale.it/eli/id/2020/12/07/20G00185/sg
20G00196	2020-12-18	DECRETO-LEGGE	172	2020-12-18	MATCH			313	2020-12-19	https://www.gazzettaufficiale.it/eli/id/2020/12/18/20G00196/sg
20G00195	2020-12-19	LEGGE	173	2020-12-18	MATCH			314	2020-12-20	https://www.gazzettaufficiale.it/eli/id/2020/12/19/20G00195/sg
20G00197	2020-12-24	LEGGE	176	2020-12-18	MATCH			319	2020-12-25	https://www.gazzettaufficiale.it/eli/id/2020/12/24/20G00197/sg
20G00198	2020-12-29	DECRETO_LEGISLATIVO	177	2020-12-23	MATCH			321	2020-12-30	https://www.gazzettaufficiale.it/eli/id/2020/12/29/20G00198/sg
20G00202	2020-12-30	LEGGE	178	2020-12-30	MATCH			322	2021-01-01	https://www.gazzettaufficiale.it/eli/id/2020/12/30/20G00202/sg
20G00204	2020-12-31	LEGGE	181	2020-12-30	MATCH			323	2021-01-01	https://www.gazzettaufficiale.it/eli/id/2020/12/31/20G00204/sg
20G00205	2020-12-31	DECRETO-LEGGE	182	2020-12-31	MATCH			323	2021-01-01	https://www.gazzettaufficiale.it/eli/id/2020/12/31/20G00205/sg
20G00206	2020-12-31	DECRETO-LEGGE	183	2020-12-31	MATCH			323	2020-12-31	https://www.gazzettaufficiale.it/eli/id/2020/12/31/20G00206/sg
21G00001	2021-01-05	DECRETO-LEGGE	1	2021-01-05	MATCH			3	2021-01-06	https://www.gazzettaufficiale.it/eli/id/2021/01/05/21G00001/sg
20G00201	2021-01-09	DECRETO_LEGISLATIVO	184	2020-12-10	MATCH			6	2021-01-24	https://www.gazzettaufficiale.it/eli/id/2021/01/09/20G00201/sg
21G00002	2021-01-14	DECRETO-LEGGE	2	2021-01-14	MATCH			10	2021-01-14	https://www.gazzettaufficiale.it/eli/id/2021/01/14/21G00002/sg
21G00005	2021-01-15	DECRETO-LEGGE	3	2021-01-15	MATCH			11	2021-01-15	https://www.gazzettaufficiale.it/eli/id/2021/01/15/21G00005/sg
21G00006	2021-01-25	DECRETO_LEGISLATIVO	187	2020-12-30	MATCH			19	2021-02-09	https://www.gazzettaufficiale.it/eli/id/2021/01/25/21G00006/sg
21G00007	2021-01-26	LEGGE	4	2021-01-15	MATCH			20	2021-01-27	https://www.gazzettaufficiale.it/eli/id/2021/01/26/21G00007/sg
21G00009	2021-01-29	DECRETO-LEGGE	5	2021-01-29	MATCH			23	2021-01-30	https://www.gazzettaufficiale.it/eli/id/2021/01/29/21G00009/sg
21G00008	2021-01-30	LEGGE	6	2021-01-29	MATCH			24	2021-01-31	https://www.gazzettaufficiale.it/eli/id/2021/01/30/21G00008/sg
21G00010	2021-01-30	DECRETO-LEGGE	7	2021-01-30	MATCH			24	2021-01-31	https://www.gazzettaufficiale.it/eli/id/2021/01/30/21G00010/sg
20G00203	2021-02-05	DECRETO_LEGISLATIVO	8	2021-01-18	MATCH			30	2021-02-06	https://www.gazzettaufficiale.it/eli/id/2021/02/05/20G00203/sg
21G00012	2021-02-05	DECRETO_LEGISLATIVO	9	2021-02-02	MATCH			30	2021-02-06	https://www.gazzettaufficiale.it/eli/id/2021/02/05/21G00012/sg
21G00013	2021-02-05	DECRETO_LEGISLATIVO	10	2021-02-02	MATCH			30	2021-02-20	https://www.gazzettaufficiale.it/eli/id/2021/02/05/21G00013/sg
21G00014	2021-02-10	LEGGE	11	2021-01-15	MATCH			34	2021-02-11	https://www.gazzettaufficiale.it/eli/id/2021/02/10/21G00014/sg
21G00016	2021-02-12	DECRETO-LEGGE	12	2021-02-12	MATCH			36	2021-02-13	https://www.gazzettaufficiale.it/eli/id/2021/02/12/21G00016/sg
21G00015	2021-02-16	DECRETO_LEGISLATIVO	13	2021-02-02	MATCH			39	2021-03-03	https://www.gazzettaufficiale.it/eli/id/2021/02/16/21G00015/sg
21G00018	2021-02-22	DECRETO_LEGISLATIVO	14	2021-02-02	MATCH			44	2021-03-09	https://www.gazzettaufficiale.it/eli/id/2021/02/22/21G00018/sg
21G00019	2021-02-23	DECRETO_LEGISLATIVO	16	2021-02-02	MATCH			45	2021-03-10	https://www.gazzettaufficiale.it/eli/id/2021/02/23/21G00019/sg
21G00024	2021-02-23	DECRETO-LEGGE	15	2021-02-23	MATCH			45	2021-02-24	https://www.gazzettaufficiale.it/eli/id/2021/02/23/21G00024/sg
21G00020	2021-02-24	DECRETO_LEGISLATIVO	17	2021-02-02	MATCH			46	2021-03-11	https://www.gazzettaufficiale.it/eli/id/2021/02/24/21G00020/sg
21G00023	2021-02-25	DECRETO_LEGISLATIVO	18	2021-02-02	MATCH			47	2021-03-12	https://www.gazzettaufficiale.it/eli/id/2021/02/25/21G00023/sg
21G00021	2021-02-26	DECRETO_LEGISLATIVO	19	2021-02-02	MATCH			48	2021-03-13	https://www.gazzettaufficiale.it/eli/id/2021/02/26/21G00021/sg
21G00022	2021-02-27	DECRETO_LEGISLATIVO	20	2021-02-02	MATCH			49	2021-03-14	https://www.gazzettaufficiale.it/eli/id/2021/02/27/21G00022/sg
21G00025	2021-03-01	LEGGE	21	2021-02-26	MATCH			51	2021-03-02	https://www.gazzettaufficiale.it/eli/id/2021/03/01/21G00025/sg
21G00028	2021-03-01	DECRETO-LEGGE	22	2021-03-01	MATCH			51	2021-03-02	https://www.gazzettaufficiale.it/eli/id/2021/03/01/21G00028/sg
21G00026	2021-03-04	DECRETO_LEGISLATIVO	23	2021-02-02	MATCH			54	2021-03-19	https://www.gazzettaufficiale.it/eli/id/2021/03/04/21G00026/sg
21G00027	2021-03-05	DECRETO_LEGISLATIVO	24	2021-02-02	MATCH			55	2021-03-20	https://www.gazzettaufficiale.it/eli/id/2021/03/05/21G00027/sg
21G00032	2021-03-08	DECRETO-LEGGE	25	2021-03-05	MATCH			57	2021-03-09	https://www.gazzettaufficiale.it/eli/id/2021/03/08/21G00032/sg
21G00034	2021-03-11	DECRETO_LEGISLATIVO	27	2021-02-02	MATCH			60	2021-03-26	https://www.gazzettaufficiale.it/eli/id/2021/03/11/21G00034/sg
21G00038	2021-03-12	LEGGE	29	2021-03-12	MATCH			61	2021-03-13	https://www.gazzettaufficiale.it/eli/id/2021/03/12/21G00038/sg
21G00035	2021-03-13	DECRETO_LEGISLATIVO	32	2021-02-02	MATCH			62	2021-03-28	https://www.gazzettaufficiale.it/eli/id/2021/03/13/21G00035/sg
21G00040	2021-03-13	DECRETO-LEGGE	30	2021-03-13	MATCH			62	2021-03-13	https://www.gazzettaufficiale.it/eli/id/2021/03/13/21G00040/sg
21G00041	2021-03-13	DECRETO-LEGGE	31	2021-03-13	MATCH			62	2021-03-14	https://www.gazzettaufficiale.it/eli/id/2021/03/13/21G00041/sg
21G00042	2021-03-18	DECRETO_LEGISLATIVO	37	2021-02-28	MATCH			67	2021-04-02	https://www.gazzettaufficiale.it/eli/id/2021/03/18/21G00042/sg
21G00043	2021-03-18	DECRETO_LEGISLATIVO	36	2021-02-28	MATCH			67	2021-04-02	https://www.gazzettaufficiale.it/eli/id/2021/03/18/21G00043/sg
21G00044	2021-03-18	LEGGE	35	2021-03-18	MATCH			67	2021-04-02	https://www.gazzettaufficiale.it/eli/id/2021/03/18/21G00044/sg
21G00045	2021-03-19	DECRETO_LEGISLATIVO	38	2021-02-28	MATCH			68	2021-04-03	https://www.gazzettaufficiale.it/eli/id/2021/03/19/21G00045/sg
21G00046	2021-03-19	DECRETO_LEGISLATIVO	39	2021-02-28	MATCH			68	2021-04-03	https://www.gazzettaufficiale.it/eli/id/2021/03/19/21G00046/sg
21G00047	2021-03-19	DECRETO_LEGISLATIVO	40	2021-02-28	MATCH			68	2021-04-03	https://www.gazzettaufficiale.it/eli/id/2021/03/19/21G00047/sg
21G00049	2021-03-22	DECRETO-LEGGE	41	2021-03-22	MATCH			70	2021-03-23	https://www.gazzettaufficiale.it/eli/id/2021/03/22/21G00049/sg
21G00048	2021-03-24	DECRETO-LEGGE	42	2021-03-22	MATCH			72	2021-03-25	https://www.gazzettaufficiale.it/eli/id/2021/03/24/21G00048/sg
21G00051	2021-03-30	LEGGE	43	2021-03-24	MATCH			77	2021-03-31	https://www.gazzettaufficiale.it/eli/id/2021/03/30/21G00051/sg
21G00055	2021-04-01	DECRETO-LEGGE	45	2021-04-01	MATCH			79	2021-04-01	https://www.gazzettaufficiale.it/eli/id/2021/04/01/21G00055/sg
21G00056	2021-04-01	DECRETO-LEGGE	44	2021-04-01	MATCH			79	2021-04-01	https://www.gazzettaufficiale.it/eli/id/2021/04/01/21G00056/sg
21G00057	2021-04-06	LEGGE	46	2021-04-01	MATCH			82	2021-04-21	https://www.gazzettaufficiale.it/eli/id/2021/04/06/21G00057/sg
21G00058	2021-04-14	LEGGE	48	2021-03-29	MATCH			89	2021-04-15	https://www.gazzettaufficiale.it/eli/id/2021/04/14/21G00058/sg
21G00059	2021-04-15	LEGGE	49	2021-03-29	MATCH			90	2021-04-16	https://www.gazzettaufficiale.it/eli/id/2021/04/15/21G00059/sg
21G00062	2021-04-20	LEGGE	50	2021-04-15	MATCH			94	2021-04-21	https://www.gazzettaufficiale.it/eli/id/2021/04/20/21G00062/sg
21G00064	2021-04-22	DECRETO-LEGGE	52	2021-04-22	MATCH			96	2021-04-23	https://www.gazzettaufficiale.it/eli/id/2021/04/22/21G00064/sg
21G00063	2021-04-23	LEGGE	53	2021-04-22	MATCH			97	2021-05-08	https://www.gazzettaufficiale.it/eli/id/2021/04/23/21G00063/sg
21G00065	2021-04-29	LEGGE	55	2021-04-22	MATCH			102	2021-04-30	https://www.gazzettaufficiale.it/eli/id/2021/04/29/21G00065/sg
21G00066	2021-04-30	DECRETO-LEGGE	56	2021-04-30	MATCH			103	2021-04-30	https://www.gazzettaufficiale.it/eli/id/2021/04/30/21G00066/sg
21G00067	2021-05-04	LEGGE	57	2021-04-21	MATCH			105	2021-05-05	https://www.gazzettaufficiale.it/eli/id/2021/05/04/21G00067/sg
21G00069	2021-05-07	LEGGE	58	2021-05-03	MATCH			108	2021-05-08	https://www.gazzettaufficiale.it/eli/id/2021/05/07/21G00069/sg
21G00070	2021-05-07	DECRETO-LEGGE	59	2021-05-06	MATCH			108	2021-05-08	https://www.gazzettaufficiale.it/eli/id/2021/05/07/21G00070/sg
21G00068	2021-05-10	LEGGE	60	2021-04-22	MATCH			110	2021-05-11	https://www.gazzettaufficiale.it/eli/id/2021/05/10/21G00068/sg
21G00071	2021-05-12	LEGGE	61	2021-05-06	MATCH			112	2021-05-13	https://www.gazzettaufficiale.it/eli/id/2021/05/12/21G00071/sg
21G00072	2021-05-14	LEGGE	62	2021-04-29	MATCH			114	2021-05-29	https://www.gazzettaufficiale.it/eli/id/2021/05/14/21G00072/sg
21G00073	2021-05-17	LEGGE	63	2021-04-21	MATCH			116	2021-05-18	https://www.gazzettaufficiale.it/eli/id/2021/05/17/21G00073/sg
21G00074	2021-05-18	LEGGE	64	2021-04-22	MATCH			117	2021-05-19	https://www.gazzettaufficiale.it/eli/id/2021/05/18/21G00074/sg
21G00078	2021-05-18	DECRETO-LEGGE	65	2021-05-18	MATCH			117	2021-05-18	https://www.gazzettaufficiale.it/eli/id/2021/05/18/21G00078/sg
21G00075	2021-05-19	LEGGE	66	2021-04-29	MATCH			118	2021-05-20	https://www.gazzettaufficiale.it/eli/id/2021/05/19/21G00075/sg
21G00080	2021-05-21	LEGGE	69	2021-05-21	MATCH			120	2021-05-22	https://www.gazzettaufficiale.it/eli/id/2021/05/21/21G00080/sg
21G00079	2021-05-22	LEGGE	70	2021-04-22	MATCH			121	2021-05-23	https://www.gazzettaufficiale.it/eli/id/2021/05/22/21G00079/sg
21G00081	2021-05-22	LEGGE	71	2021-05-21	MATCH			121	2021-05-23	https://www.gazzettaufficiale.it/eli/id/2021/05/22/21G00081/sg
21G00083	2021-05-25	LEGGE	72	2021-04-29	MATCH			123	2021-05-26	https://www.gazzettaufficiale.it/eli/id/2021/05/25/21G00083/sg
21G00084	2021-05-25	DECRETO-LEGGE	73	2021-05-25	MATCH			123	2021-05-26	https://www.gazzettaufficiale.it/eli/id/2021/05/25/21G00084/sg
21G00082	2021-05-26	LEGGE	74	2021-04-29	MATCH			124	2021-05-27	https://www.gazzettaufficiale.it/eli/id/2021/05/26/21G00082/sg
21G00085	2021-05-28	LEGGE	75	2021-05-17	MATCH			126	2021-05-29	https://www.gazzettaufficiale.it/eli/id/2021/05/28/21G00085/sg
21G00086	2021-05-31	LEGGE	76	2021-05-28	MATCH			128	2021-06-01	https://www.gazzettaufficiale.it/eli/id/2021/05/31/21G00086/sg
21G00087	2021-05-31	DECRETO-LEGGE	77	2021-05-31	MATCH			129	2021-06-01	https://www.gazzettaufficiale.it/eli/id/2021/05/31/21G00087/sg
21G00088	2021-06-04	LEGGE	78	2021-05-18	MATCH			132	2021-06-05	https://www.gazzettaufficiale.it/eli/id/2021/06/04/21G00088/sg
21G00090	2021-06-08	DECRETO-LEGGE	79	2021-06-08	MATCH			135	2021-06-09	https://www.gazzettaufficiale.it/eli/id/2021/06/08/21G00090/sg
21G00093	2021-06-09	DECRETO-LEGGE	80	2021-06-09	MATCH			136	2021-06-10	https://www.gazzettaufficiale.it/eli/id/2021/06/09/21G00093/sg
21G00098	2021-06-14	DECRETO-LEGGE	82	2021-06-14	MATCH			140	2021-06-15	https://www.gazzettaufficiale.it/eli/id/2021/06/14/21G00098/sg
21G00094	2021-06-15	DECRETO_LEGISLATIVO	83	2021-05-25	MATCH			141	2021-06-30	https://www.gazzettaufficiale.it/eli/id/2021/06/15/21G00094/sg
21G00091	2021-06-16	LEGGE	84	2021-05-28	MATCH			142	2021-06-17	https://www.gazzettaufficiale.it/eli/id/2021/06/16/21G00091/sg
21G00092	2021-06-17	LEGGE	85	2021-05-20	MATCH			143	2021-06-18	https://www.gazzettaufficiale.it/eli/id/2021/06/17/21G00092/sg
21G00095	2021-06-18	LEGGE	86	2021-05-20	MATCH			144	2021-06-19	https://www.gazzettaufficiale.it/eli/id/2021/06/18/21G00095/sg
21G00104	2021-06-21	LEGGE	87	2021-06-17	MATCH			146	2021-06-22	https://www.gazzettaufficiale.it/eli/id/2021/06/21/21G00104/sg
21G00096	2021-06-22	LEGGE	88	2021-06-01	MATCH			147	2021-06-23	https://www.gazzettaufficiale.it/eli/id/2021/06/22/21G00096/sg
21G00107	2021-06-22	DECRETO-LEGGE	89	2021-06-22	MATCH			147	2021-06-23	https://www.gazzettaufficiale.it/eli/id/2021/06/22/21G00107/sg
21G00097	2021-06-23	LEGGE	90	2021-06-01	MATCH			148	2021-06-24	https://www.gazzettaufficiale.it/eli/id/2021/06/23/21G00097/sg
21G00103	2021-06-23	LEGGE	91	2021-06-14	MATCH			148	2021-07-08	https://www.gazzettaufficiale.it/eli/id/2021/06/23/21G00103/sg
21G00108	2021-06-23	DECRETO-LEGGE	92	2021-06-23	MATCH			148	2021-06-24	https://www.gazzettaufficiale.it/eli/id/2021/06/23/21G00108/sg
21G00099	2021-06-24	LEGGE	93	2021-06-01	MATCH			149	2021-06-25	https://www.gazzettaufficiale.it/eli/id/2021/06/24/21G00099/sg
21G00100	2021-06-25	LEGGE	94	2021-06-01	MATCH			150	2021-06-26	https://www.gazzettaufficiale.it/eli/id/2021/06/25/21G00100/sg
21G00101	2021-06-26	LEGGE	95	2021-06-01	MATCH			151	2021-06-27	https://www.gazzettaufficiale.it/eli/id/2021/06/26/21G00101/sg
21G00102	2021-06-28	LEGGE	96	2021-06-01	MATCH			152	2021-06-29	https://www.gazzettaufficiale.it/eli/id/2021/06/28/21G00102/sg
21G00110	2021-06-30	DECRETO-LEGGE	99	2021-06-30	MATCH			155	2021-06-30	https://www.gazzettaufficiale.it/eli/id/2021/06/30/21G00110/sg
21G00111	2021-07-06	LEGGE	101	2021-07-01	MATCH			160	2021-07-07	https://www.gazzettaufficiale.it/eli/id/2021/07/06/21G00111/sg
21G00114	2021-07-20	DECRETO-LEGGE	103	2021-07-20	MATCH			172	2021-07-21	https://www.gazzettaufficiale.it/eli/id/2021/07/20/21G00114/sg
21G00117	2021-07-23	DECRETO-LEGGE	105	2021-07-23	MATCH			175	2021-07-23	https://www.gazzettaufficiale.it/eli/id/2021/07/23/21G00117/sg
21G00116	2021-07-24	LEGGE	106	2021-07-23	MATCH			176	2021-07-25	https://www.gazzettaufficiale.it/eli/id/2021/07/24/21G00116/sg
21G00118	2021-07-30	LEGGE	108	2021-07-29	MATCH			181	2021-07-31	https://www.gazzettaufficiale.it/eli/id/2021/07/30/21G00118/sg
21G00122	2021-08-04	LEGGE	109	2021-08-04	MATCH			185	2021-08-05	https://www.gazzettaufficiale.it/eli/id/2021/08/04/21G00122/sg
21G00125	2021-08-06	DECRETO-LEGGE	111	2021-08-06	MATCH			187	2021-08-07	https://www.gazzettaufficiale.it/eli/id/2021/08/06/21G00125/sg
21G00120	2021-08-07	LEGGE	112	2021-07-30	MATCH			188	2021-08-08	https://www.gazzettaufficiale.it/eli/id/2021/08/07/21G00120/sg
21G00124	2021-08-07	LEGGE	113	2021-08-06	MATCH			188	2021-08-08	https://www.gazzettaufficiale.it/eli/id/2021/08/07/21G00124/sg
21G00126	2021-08-13	LEGGE	116	2021-08-04	MATCH			193	2021-08-28	https://www.gazzettaufficiale.it/eli/id/2021/08/13/21G00126/sg
21G00127	2021-08-23	DECRETO-LEGGE	117	2021-08-17	MATCH			201	2021-08-24	https://www.gazzettaufficiale.it/eli/id/2021/08/23/21G00127/sg
21G00129	2021-08-24	DECRETO-LEGGE	118	2021-08-24	MATCH			202	2021-08-25	https://www.gazzettaufficiale.it/eli/id/2021/08/24/21G00129/sg
21G00130	2021-09-09	DECRETO-LEGGE	120	2021-09-08	MATCH			216	2021-09-10	https://www.gazzettaufficiale.it/eli/id/2021/09/09/21G00130/sg
21G00133	2021-09-10	DECRETO-LEGGE	121	2021-09-10	MATCH			217	2021-09-11	https://www.gazzettaufficiale.it/eli/id/2021/09/10/21G00133/sg
21G00134	2021-09-10	DECRETO-LEGGE	122	2021-09-10	MATCH			217	2021-09-11	https://www.gazzettaufficiale.it/eli/id/2021/09/10/21G00134/sg
21G00135	2021-09-18	LEGGE	125	2021-09-16	MATCH			224	2021-09-19	https://www.gazzettaufficiale.it/eli/id/2021/09/18/21G00135/sg
21G00136	2021-09-18	LEGGE	126	2021-09-16	MATCH			224	2021-09-19	https://www.gazzettaufficiale.it/eli/id/2021/09/18/21G00136/sg
21G00139	2021-09-21	DECRETO-LEGGE	127	2021-09-21	MATCH			226	2021-09-22	https://www.gazzettaufficiale.it/eli/id/2021/09/21/21G00139/sg
21G00141	2021-09-27	DECRETO-LEGGE	130	2021-09-27	MATCH			231	2021-09-28	https://www.gazzettaufficiale.it/eli/id/2021/09/27/21G00141/sg
21G00145	2021-09-30	DECRETO-LEGGE	132	2021-09-30	MATCH			234	2021-09-30	https://www.gazzettaufficiale.it/eli/id/2021/09/30/21G00145/sg
21G00143	2021-10-01	LEGGE	133	2021-09-24	MATCH			235	2021-10-02	https://www.gazzettaufficiale.it/eli/id/2021/10/01/21G00143/sg
21G00146	2021-10-04	LEGGE	134	2021-09-27	MATCH			237	2021-10-19	https://www.gazzettaufficiale.it/eli/id/2021/10/04/21G00146/sg
21G00153	2021-10-08	DECRETO-LEGGE	139	2021-10-08	MATCH			241	2021-10-09	https://www.gazzettaufficiale.it/eli/id/2021/10/08/21G00153/sg
21G00149	2021-10-14	LEGGE	142	2021-09-24	MATCH			246	2021-10-29	https://www.gazzettaufficiale.it/eli/id/2021/10/14/21G00149/sg
21G00150	2021-10-14	LEGGE	143	2021-09-24	MATCH			246	2021-10-29	https://www.gazzettaufficiale.it/eli/id/2021/10/14/21G00150/sg
21G00155	2021-10-18	LEGGE	144	2021-10-14	MATCH			249	2021-10-19	https://www.gazzettaufficiale.it/eli/id/2021/10/18/21G00155/sg
21G00157	2021-10-21	DECRETO-LEGGE	146	2021-10-21	MATCH			252	2021-10-22	https://www.gazzettaufficiale.it/eli/id/2021/10/21/21G00157/sg
21G00158	2021-10-23	LEGGE	147	2021-10-21	MATCH			254	2021-10-24	https://www.gazzettaufficiale.it/eli/id/2021/10/23/21G00158/sg
21G00162	2021-11-04	DECRETO_LEGISLATIVO	150	2021-10-04	MATCH			263	2021-11-19	https://www.gazzettaufficiale.it/eli/id/2021/11/04/21G00162/sg
21G00165	2021-11-06	DECRETO_LEGISLATIVO	153	2021-11-05	MATCH			265	2021-11-06	https://www.gazzettaufficiale.it/eli/id/2021/11/06/21G00165/sg
21G00166	2021-11-06	DECRETO-LEGGE	152	2021-11-06	MATCH			265	2021-11-07	https://www.gazzettaufficiale.it/eli/id/2021/11/06/21G00166/sg
21G00167	2021-11-08	LEGGE	155	2021-11-08	MATCH			266	2021-11-09	https://www.gazzettaufficiale.it/eli/id/2021/11/08/21G00167/sg
21G00170	2021-11-09	LEGGE	156	2021-11-09	MATCH			267	2021-11-10	https://www.gazzettaufficiale.it/eli/id/2021/11/09/21G00170/sg
21G00173	2021-11-11	DECRETO-LEGGE	157	2021-11-11	MATCH			269	2021-11-12	https://www.gazzettaufficiale.it/eli/id/2021/11/11/21G00173/sg
21G00175	2021-11-18	LEGGE	162	2021-11-05	MATCH			275	2021-12-03	https://www.gazzettaufficiale.it/eli/id/2021/11/18/21G00175/sg
21G00176	2021-11-19	LEGGE	163	2021-11-08	MATCH			276	2021-12-04	https://www.gazzettaufficiale.it/eli/id/2021/11/19/21G00176/sg
21G00177	2021-11-20	LEGGE	164	2021-10-28	MATCH			277	2021-11-21	https://www.gazzettaufficiale.it/eli/id/2021/11/20/21G00177/sg
21G00182	2021-11-20	LEGGE	165	2021-11-19	MATCH			277	2021-11-21	https://www.gazzettaufficiale.it/eli/id/2021/11/20/21G00182/sg
21G00178	2021-11-22	LEGGE	166	2021-10-28	MATCH			278	2021-11-23	https://www.gazzettaufficiale.it/eli/id/2021/11/22/21G00178/sg
21G00179	2021-11-23	LEGGE	167	2021-10-28	MATCH			279	2021-11-24	https://www.gazzettaufficiale.it/eli/id/2021/11/23/21G00179/sg
21G00180	2021-11-24	LEGGE	168	2021-10-28	MATCH			280	2021-11-25	https://www.gazzettaufficiale.it/eli/id/2021/11/24/21G00180/sg
21G00181	2021-11-25	LEGGE	169	2021-10-28	MATCH			281	2021-11-26	https://www.gazzettaufficiale.it/eli/id/2021/11/25/21G00181/sg
21G00185	2021-11-25	DECRETO_LEGISLATIVO	170	2021-11-04	MATCH			281	2021-12-10	https://www.gazzettaufficiale.it/eli/id/2021/11/25/21G00185/sg
21G00186	2021-11-26	DECRETO_LEGISLATIVO	173	2021-11-04	MATCH			282	2021-12-11	https://www.gazzettaufficiale.it/eli/id/2021/11/26/21G00186/sg
21G00205	2021-11-26	LEGGE	171	2021-11-25	MATCH			282	2021-11-27	https://www.gazzettaufficiale.it/eli/id/2021/11/26/21G00205/sg
21G00211	2021-11-26	DECRETO-LEGGE	172	2021-11-26	MATCH			282	2021-11-27	https://www.gazzettaufficiale.it/eli/id/2021/11/26/21G00211/sg
21G00189	2021-11-27	LEGGE	175	2021-11-10	MATCH			283	2021-12-12	https://www.gazzettaufficiale.it/eli/id/2021/11/27/21G00189/sg
21G00190	2021-11-27	DECRETO_LEGISLATIVO	176	2021-10-18	MATCH			283	2021-12-12	https://www.gazzettaufficiale.it/eli/id/2021/11/27/21G00190/sg
21G00192	2021-11-27	DECRETO_LEGISLATIVO	177	2021-11-08	MATCH			283	2021-12-12	https://www.gazzettaufficiale.it/eli/id/2021/11/27/21G00192/sg
21G00183	2021-11-29	DECRETO_LEGISLATIVO	179	2021-11-02	MATCH			284	2021-12-14	https://www.gazzettaufficiale.it/eli/id/2021/11/29/21G00183/sg
21G00188	2021-11-29	DECRETO_LEGISLATIVO	183	2021-11-08	MATCH			284	2021-12-14	https://www.gazzettaufficiale.it/eli/id/2021/11/29/21G00188/sg
21G00191	2021-11-29	DECRETO_LEGISLATIVO	181	2021-11-08	MATCH			284	2021-12-14	https://www.gazzettaufficiale.it/eli/id/2021/11/29/21G00191/sg
21G00193	2021-11-29	DECRETO_LEGISLATIVO	185	2021-11-08	MATCH			284	2021-12-14	https://www.gazzettaufficiale.it/eli/id/2021/11/29/21G00193/sg
21G00195	2021-11-29	DECRETO_LEGISLATIVO	186	2021-11-08	MATCH			284	2021-12-14	https://www.gazzettaufficiale.it/eli/id/2021/11/29/21G00195/sg
21G00197	2021-11-29	DECRETO_LEGISLATIVO	187	2021-11-08	MATCH			284	2021-12-14	https://www.gazzettaufficiale.it/eli/id/2021/11/29/21G00197/sg
21G00198	2021-11-29	DECRETO_LEGISLATIVO	180	2021-11-05	MATCH			284	2021-12-14	https://www.gazzettaufficiale.it/eli/id/2021/11/29/21G00198/sg
21G00199	2021-11-29	DECRETO_LEGISLATIVO	188	2021-11-08	MATCH			284	2021-12-14	https://www.gazzettaufficiale.it/eli/id/2021/11/29/21G00199/sg
21G00200	2021-11-29	DECRETO_LEGISLATIVO	184	2021-11-08	MATCH			284	2021-12-14	https://www.gazzettaufficiale.it/eli/id/2021/11/29/21G00200/sg
21G00206	2021-11-29	LEGGE	178	2021-11-23	MATCH			284	2021-11-30	https://www.gazzettaufficiale.it/eli/id/2021/11/29/21G00206/sg
21G00208	2021-11-29	DECRETO_LEGISLATIVO	182	2021-11-08	MATCH			284	2021-11-30	https://www.gazzettaufficiale.it/eli/id/2021/11/29/21G00208/sg
21G00184	2021-11-30	DECRETO_LEGISLATIVO	189	2021-11-02	MATCH			285	2021-12-15	https://www.gazzettaufficiale.it/eli/id/2021/11/30/21G00184/sg
21G00194	2021-11-30	DECRETO_LEGISLATIVO	191	2021-11-05	MATCH			285	2021-12-15	https://www.gazzettaufficiale.it/eli/id/2021/11/30/21G00194/sg
21G00196	2021-11-30	DECRETO_LEGISLATIVO	194	2021-11-08	MATCH			285	2021-12-15	https://www.gazzettaufficiale.it/eli/id/2021/11/30/21G00196/sg
21G00201	2021-11-30	DECRETO_LEGISLATIVO	197	2021-11-08	MATCH			285	2021-12-15	https://www.gazzettaufficiale.it/eli/id/2021/11/30/21G00201/sg
21G00202	2021-11-30	DECRETO_LEGISLATIVO	198	2021-11-08	MATCH			285	2021-12-15	https://www.gazzettaufficiale.it/eli/id/2021/11/30/21G00202/sg
21G00203	2021-11-30	DECRETO_LEGISLATIVO	195	2021-11-08	MATCH			285	2021-12-15	https://www.gazzettaufficiale.it/eli/id/2021/11/30/21G00203/sg
21G00207	2021-11-30	DECRETO_LEGISLATIVO	190	2021-11-05	MATCH			285	2021-12-01	https://www.gazzettaufficiale.it/eli/id/2021/11/30/21G00207/sg
21G00209	2021-11-30	DECRETO_LEGISLATIVO	193	2021-11-08	MATCH			285	2021-12-01	https://www.gazzettaufficiale.it/eli/id/2021/11/30/21G00209/sg
21G00210	2021-11-30	DECRETO_LEGISLATIVO	196	2021-11-08	MATCH			285	2022-01-14	https://www.gazzettaufficiale.it/eli/id/2021/11/30/21G00210/sg
21G00212	2021-11-30	DECRETO_LEGISLATIVO	192	2021-11-05	MATCH			285	2021-12-01	https://www.gazzettaufficiale.it/eli/id/2021/11/30/21G00212/sg
21G00213	2021-11-30	DECRETO_LEGISLATIVO	200	2021-11-08	MATCH			285	2021-12-15	https://www.gazzettaufficiale.it/eli/id/2021/11/30/21G00213/sg
21G00214	2021-11-30	DECRETO_LEGISLATIVO	199	2021-11-08	MATCH			285	2021-12-15	https://www.gazzettaufficiale.it/eli/id/2021/11/30/21G00214/sg
21G00215	2021-12-01	DECRETO_LEGISLATIVO	201	2021-11-05	MATCH			286	2021-12-02	https://www.gazzettaufficiale.it/eli/id/2021/12/01/21G00215/sg
21G00204	2021-12-02	LEGGE	202	2021-11-10	MATCH			287	2021-12-03	https://www.gazzettaufficiale.it/eli/id/2021/12/02/21G00204/sg
21G00228	2021-12-07	LEGGE	205	2021-12-03	MATCH			291	2021-12-08	https://www.gazzettaufficiale.it/eli/id/2021/12/07/21G00228/sg
21G00229	2021-12-09	LEGGE	206	2021-11-26	MATCH			292	2021-12-24	https://www.gazzettaufficiale.it/eli/id/2021/12/09/21G00229/sg
21G00230	2021-12-09	DECRETO_LEGISLATIVO	207	2021-11-08	MATCH			292	2021-12-24	https://www.gazzettaufficiale.it/eli/id/2021/12/09/21G00230/sg
21G00231	2021-12-10	DECRETO_LEGISLATIVO	208	2021-11-08	MATCH			293	2021-12-25	https://www.gazzettaufficiale.it/eli/id/2021/12/10/21G00231/sg
21G00233	2021-12-11	DECRETO_LEGISLATIVO	210	2021-11-08	MATCH			294	2021-12-26	https://www.gazzettaufficiale.it/eli/id/2021/12/11/21G00233/sg
21G00234	2021-12-11	DECRETO-LEGGE	209	2021-12-10	MATCH			294	2021-12-11	https://www.gazzettaufficiale.it/eli/id/2021/12/11/21G00234/sg
21G00236	2021-12-16	DECRETO_LEGISLATIVO	213	2021-11-15	MATCH			298	2021-12-31	https://www.gazzettaufficiale.it/eli/id/2021/12/16/21G00236/sg
21G00238	2021-12-20	LEGGE	215	2021-12-17	MATCH			301	2021-12-21	https://www.gazzettaufficiale.it/eli/id/2021/12/20/21G00238/sg
21G00239	2021-12-21	LEGGE	216	2021-11-19	MATCH			302	2021-12-22	https://www.gazzettaufficiale.it/eli/id/2021/12/21/21G00239/sg
21G00240	2021-12-21	LEGGE	217	2021-11-19	MATCH			302	2021-12-22	https://www.gazzettaufficiale.it/eli/id/2021/12/21/21G00240/sg
21G00241	2021-12-21	LEGGE	218	2021-11-19	MATCH			302	2021-12-22	https://www.gazzettaufficiale.it/eli/id/2021/12/21/21G00241/sg
21G00242	2021-12-22	LEGGE	219	2021-11-19	MATCH			303	2021-12-23	https://www.gazzettaufficiale.it/eli/id/2021/12/22/21G00242/sg
21G00243	2021-12-22	LEGGE	220	2021-12-09	MATCH			303	2021-12-23	https://www.gazzettaufficiale.it/eli/id/2021/12/22/21G00243/sg
21G00244	2021-12-24	DECRETO-LEGGE	221	2021-12-24	MATCH			305	2021-12-25	https://www.gazzettaufficiale.it/eli/id/2021/12/24/21G00244/sg
21G00248	2021-12-28	LEGGE	225	2021-12-14	MATCH			307	2021-12-29	https://www.gazzettaufficiale.it/eli/id/2021/12/28/21G00248/sg
21G00252	2021-12-30	DECRETO_LEGISLATIVO	230	2021-12-29	MATCH			309	2021-12-31	https://www.gazzettaufficiale.it/eli/id/2021/12/30/21G00252/sg
21G00254	2021-12-30	LEGGE	227	2021-12-22	MATCH			309	2021-12-31	https://www.gazzettaufficiale.it/eli/id/2021/12/30/21G00254/sg
21G00255	2021-12-30	DECRETO-LEGGE	228	2021-12-30	MATCH			309	2021-12-31	https://www.gazzettaufficiale.it/eli/id/2021/12/30/21G00255/sg
21G00258	2021-12-30	DECRETO-LEGGE	229	2021-12-30	MATCH			309	2021-12-31	https://www.gazzettaufficiale.it/eli/id/2021/12/30/21G00258/sg
21G00256	2021-12-31	LEGGE	234	2021-12-30	MATCH			310	2022-01-01	https://www.gazzettaufficiale.it/eli/id/2021/12/31/21G00256/sg
21G00257	2021-12-31	LEGGE	233	2021-12-29	MATCH			310	2022-01-01	https://www.gazzettaufficiale.it/eli/id/2021/12/31/21G00257/sg
22G00001	2022-01-07	DECRETO_LEGISLATIVO	237	2021-12-16	MATCH			4	2022-01-22	https://www.gazzettaufficiale.it/eli/id/2022/01/07/22G00001/sg
22G00002	2022-01-07	DECRETO-LEGGE	1	2022-01-07	MATCH			4	2022-01-08	https://www.gazzettaufficiale.it/eli/id/2022/01/07/22G00002/sg
22G00004	2022-01-17	LEGGE	238	2021-12-23	MATCH			12	2022-02-01	https://www.gazzettaufficiale.it/eli/id/2022/01/17/22G00004/sg
22G00005	2022-01-20	LEGGE	240	2021-12-29	MATCH			15	2022-02-04	https://www.gazzettaufficiale.it/eli/id/2022/01/20/22G00005/sg
22G00007	2022-01-21	DECRETO-LEGGE	2	2022-01-21	MATCH			16	2022-01-21	https://www.gazzettaufficiale.it/eli/id/2022/01/21/22G00007/sg
22G00006	2022-01-25	LEGGE	3	2022-01-21	MATCH			19	2022-01-26	https://www.gazzettaufficiale.it/eli/id/2022/01/25/22G00006/sg
22G00008	2022-01-27	DECRETO-LEGGE	4	2022-01-27	MATCH			21	2022-01-27	https://www.gazzettaufficiale.it/eli/id/2022/01/27/22G00008/sg
22G00014	2022-02-04	DECRETO-LEGGE	5	2022-02-04	MATCH			29	2022-02-05	https://www.gazzettaufficiale.it/eli/id/2022/02/04/22G00014/sg
22G00009	2022-02-07	LEGGE	6	2022-01-21	MATCH			31	2022-02-08	https://www.gazzettaufficiale.it/eli/id/2022/02/07/22G00009/sg
22G00010	2022-02-08	LEGGE	7	2022-01-21	MATCH			32	2022-02-09	https://www.gazzettaufficiale.it/eli/id/2022/02/08/22G00010/sg
22G00011	2022-02-09	LEGGE	8	2022-01-21	MATCH			33	2022-02-10	https://www.gazzettaufficiale.it/eli/id/2022/02/09/22G00011/sg
22G00017	2022-02-17	DECRETO-LEGGE	9	2022-02-17	MATCH			40	2022-02-18	https://www.gazzettaufficiale.it/eli/id/2022/02/17/22G00017/sg
22G00015	2022-02-18	LEGGE	10	2022-01-21	MATCH			41	2022-02-19	https://www.gazzettaufficiale.it/eli/id/2022/02/18/22G00015/sg
22G00018	2022-02-18	LEGGE	11	2022-02-18	MATCH			41	2022-02-19	https://www.gazzettaufficiale.it/eli/id/2022/02/18/22G00018/sg
22G00016	2022-02-19	LEGGE	12	2022-01-21	MATCH			42	2022-02-20	https://www.gazzettaufficiale.it/eli/id/2022/02/19/22G00016/sg
22G00021	2022-02-25	DECRETO-LEGGE	13	2022-02-25	MATCH			47	2022-02-26	https://www.gazzettaufficiale.it/eli/id/2022/02/25/22G00021/sg
22G00024	2022-02-25	DECRETO-LEGGE	14	2022-02-25	MATCH			47	2022-02-25	https://www.gazzettaufficiale.it/eli/id/2022/02/25/22G00024/sg
22G00022	2022-02-28	LEGGE	15	2022-02-25	MATCH			49	2022-03-01	https://www.gazzettaufficiale.it/eli/id/2022/02/28/22G00022/sg
22G00025	2022-02-28	DECRETO-LEGGE	16	2022-02-28	MATCH			49	2022-02-28	https://www.gazzettaufficiale.it/eli/id/2022/02/28/22G00025/sg
22G00026	2022-03-01	DECRETO-LEGGE	17	2022-03-01	MATCH			50	2022-03-02	https://www.gazzettaufficiale.it/eli/id/2022/03/01/22G00026/sg
22G00027	2022-03-08	LEGGE	18	2022-03-04	MATCH			56	2022-03-09	https://www.gazzettaufficiale.it/eli/id/2022/03/08/22G00027/sg
22G00029	2022-03-21	LEGGE	20	2022-03-09	MATCH			67	2022-04-05	https://www.gazzettaufficiale.it/eli/id/2022/03/21/22G00029/sg
22G00032	2022-03-21	DECRETO-LEGGE	21	2022-03-21	MATCH			67	2022-03-22	https://www.gazzettaufficiale.it/eli/id/2022/03/21/22G00032/sg
22G00030	2022-03-22	LEGGE	22	2022-03-09	MATCH			68	2022-03-23	https://www.gazzettaufficiale.it/eli/id/2022/03/22/22G00030/sg
22G00031	2022-03-23	LEGGE	23	2022-03-09	MATCH			69	2022-04-07	https://www.gazzettaufficiale.it/eli/id/2022/03/23/22G00031/sg
22G00034	2022-03-24	DECRETO-LEGGE	24	2022-03-24	MATCH			70	2022-03-25	https://www.gazzettaufficiale.it/eli/id/2022/03/24/22G00034/sg
22G00035	2022-03-28	LEGGE	25	2022-03-28	MATCH			73	2022-03-29	https://www.gazzettaufficiale.it/eli/id/2022/03/28/22G00035/sg
22G00037	2022-04-13	LEGGE	28	2022-04-05	MATCH			87	2022-04-14	https://www.gazzettaufficiale.it/eli/id/2022/04/13/22G00037/sg
22G00039	2022-04-16	LEGGE	29	2022-04-07	MATCH			90	2022-04-17	https://www.gazzettaufficiale.it/eli/id/2022/04/16/22G00039/sg
22G00038	2022-04-22	LEGGE	31	2022-04-12	MATCH			94	2022-04-23	https://www.gazzettaufficiale.it/eli/id/2022/04/22/22G00038/sg
22G00040	2022-04-22	LEGGE	30	2022-04-01	MATCH			94	2022-04-23	https://www.gazzettaufficiale.it/eli/id/2022/04/22/22G00040/sg
22G00042	2022-04-27	LEGGE	32	2022-04-07	MATCH			97	2022-05-12	https://www.gazzettaufficiale.it/eli/id/2022/04/27/22G00042/sg
22G00041	2022-04-28	LEGGE	33	2022-04-12	MATCH			98	2022-05-13	https://www.gazzettaufficiale.it/eli/id/2022/04/28/22G00041/sg
22G00048	2022-04-28	LEGGE	34	2022-04-27	MATCH			98	2022-04-29	https://www.gazzettaufficiale.it/eli/id/2022/04/28/22G00048/sg
22G00043	2022-04-29	LEGGE	35	2022-04-12	MATCH			99	2022-05-14	https://www.gazzettaufficiale.it/eli/id/2022/04/29/22G00043/sg
22G00049	2022-04-30	DECRETO-LEGGE	36	2022-04-30	MATCH			100	2022-05-01	https://www.gazzettaufficiale.it/eli/id/2022/04/30/22G00049/sg
22G00044	2022-05-02	LEGGE	37	2022-04-14	MATCH			101	2022-05-03	https://www.gazzettaufficiale.it/eli/id/2022/05/02/22G00044/sg
22G00052	2022-05-02	DECRETO-LEGGE	38	2022-05-02	MATCH			101	2022-05-02	https://www.gazzettaufficiale.it/eli/id/2022/05/02/22G00052/sg
22G00045	2022-05-03	LEGGE	39	2022-04-14	MATCH			102	2022-05-04	https://www.gazzettaufficiale.it/eli/id/2022/05/03/22G00045/sg
22G00046	2022-05-04	LEGGE	40	2022-04-14	MATCH			103	2022-05-05	https://www.gazzettaufficiale.it/eli/id/2022/05/04/22G00046/sg
22G00053	2022-05-04	DECRETO-LEGGE	41	2022-05-04	MATCH			103	2022-05-05	https://www.gazzettaufficiale.it/eli/id/2022/05/04/22G00053/sg
22G00047	2022-05-05	LEGGE	42	2022-04-14	MATCH			104	2022-05-06	https://www.gazzettaufficiale.it/eli/id/2022/05/05/22G00047/sg
22G00050	2022-05-06	LEGGE	43	2022-04-14	MATCH			105	2022-05-07	https://www.gazzettaufficiale.it/eli/id/2022/05/06/22G00050/sg
22G00054	2022-05-07	LEGGE	44	2022-05-05	MATCH			106	2022-05-22	https://www.gazzettaufficiale.it/eli/id/2022/05/07/22G00054/sg
22G00051	2022-05-09	LEGGE	45	2022-04-20	MATCH			107	2022-05-10	https://www.gazzettaufficiale.it/eli/id/2022/05/09/22G00051/sg
22G00055	2022-05-12	LEGGE	46	2022-04-28	MATCH			110	2022-05-27	https://www.gazzettaufficiale.it/eli/id/2022/05/12/22G00055/sg
22G00059	2022-05-17	DECRETO-LEGGE	50	2022-05-17	MATCH			114	2022-05-18	https://www.gazzettaufficiale.it/eli/id/2022/05/17/22G00059/sg
22G00061	2022-05-20	LEGGE	51	2022-05-20	MATCH			117	2022-05-21	https://www.gazzettaufficiale.it/eli/id/2022/05/20/22G00061/sg
22G00063	2022-05-23	LEGGE	52	2022-05-19	MATCH			119	2022-05-24	https://www.gazzettaufficiale.it/eli/id/2022/05/23/22G00063/sg
22G00062	2022-05-24	LEGGE	53	2022-05-05	MATCH			120	2022-06-08	https://www.gazzettaufficiale.it/eli/id/2022/05/24/22G00062/sg
22G00069	2022-06-10	LEGGE	60	2022-05-17	MATCH			134	2022-06-25	https://www.gazzettaufficiale.it/eli/id/2022/06/10/22G00069/sg
22G00070	2022-06-11	LEGGE	61	2022-05-17	MATCH			135	2022-06-26	https://www.gazzettaufficiale.it/eli/id/2022/06/11/22G00070/sg
22G00076	2022-06-11	LEGGE	62	2022-05-31	MATCH			135	2022-06-26	https://www.gazzettaufficiale.it/eli/id/2022/06/11/22G00076/sg
22G00071	2022-06-13	LEGGE	63	2022-05-19	MATCH			136	2022-06-14	https://www.gazzettaufficiale.it/eli/id/2022/06/13/22G00071/sg
22G00073	2022-06-14	LEGGE	65	2022-05-19	MATCH			137	2022-06-15	https://www.gazzettaufficiale.it/eli/id/2022/06/14/22G00073/sg
22G00074	2022-06-15	LEGGE	66	2022-05-19	MATCH			138	2022-06-16	https://www.gazzettaufficiale.it/eli/id/2022/06/15/22G00074/sg
22G00075	2022-06-16	LEGGE	67	2022-05-19	MATCH			139	2022-06-17	https://www.gazzettaufficiale.it/eli/id/2022/06/16/22G00075/sg
22G00082	2022-06-16	DECRETO-LEGGE	68	2022-06-16	MATCH			139	2022-06-16	https://www.gazzettaufficiale.it/eli/id/2022/06/16/22G00082/sg
22G00080	2022-06-20	DECRETO_LEGISLATIVO	72	2022-05-27	MATCH			142	2022-07-05	https://www.gazzettaufficiale.it/eli/id/2022/06/20/22G00080/sg
22G00084	2022-06-20	LEGGE	71	2022-06-17	MATCH			142	2022-06-21	https://www.gazzettaufficiale.it/eli/id/2022/06/20/22G00084/sg
22G00086	2022-06-21	DECRETO-LEGGE	73	2022-06-21	MATCH			143	2022-06-22	https://www.gazzettaufficiale.it/eli/id/2022/06/21/22G00086/sg
22G00083	2022-06-22	DECRETO_LEGISLATIVO	76	2022-05-27	MATCH			144	2022-06-28	https://www.gazzettaufficiale.it/eli/id/2022/06/22/22G00083/sg
22G00087	2022-06-24	LEGGE	78	2022-06-21	MATCH			146	2022-07-09	https://www.gazzettaufficiale.it/eli/id/2022/06/24/22G00087/sg
22G00091	2022-06-29	LEGGE	79	2022-06-29	MATCH			150	2022-06-30	https://www.gazzettaufficiale.it/eli/id/2022/06/29/22G00091/sg
22G00093	2022-06-30	DECRETO-LEGGE	80	2022-06-30	MATCH			151	2022-07-01	https://www.gazzettaufficiale.it/eli/id/2022/06/30/22G00093/sg
22G00089	2022-07-01	DECRETO_LEGISLATIVO	82	2022-05-27	MATCH			152	2022-07-16	https://www.gazzettaufficiale.it/eli/id/2022/07/01/22G00089/sg
22G00090	2022-07-01	DECRETO_LEGISLATIVO	83	2022-06-17	MATCH			152	2022-07-15	https://www.gazzettaufficiale.it/eli/id/2022/07/01/22G00090/sg
22G00092	2022-07-02	LEGGE	84	2022-06-30	MATCH			153	2022-07-03	https://www.gazzettaufficiale.it/eli/id/2022/07/02/22G00092/sg
22G00094	2022-07-07	DECRETO_LEGISLATIVO	86	2022-06-09	MATCH			157	2022-07-22	https://www.gazzettaufficiale.it/eli/id/2022/07/07/22G00094/sg
22G00095	2022-07-07	DECRETO_LEGISLATIVO	87	2022-06-09	MATCH			157	2022-07-08	https://www.gazzettaufficiale.it/eli/id/2022/07/07/22G00095/sg
22G00097	2022-07-07	DECRETO-LEGGE	85	2022-07-07	MATCH			157	2022-07-08	https://www.gazzettaufficiale.it/eli/id/2022/07/07/22G00097/sg
22G00100	2022-07-15	LEGGE	90	2022-07-12	MATCH			164	2022-07-16	https://www.gazzettaufficiale.it/eli/id/2022/07/15/22G00100/sg
22G00104	2022-07-15	LEGGE	91	2022-07-15	MATCH			164	2022-07-16	https://www.gazzettaufficiale.it/eli/id/2022/07/15/22G00104/sg
22G00101	2022-07-18	LEGGE	93	2022-07-12	MATCH			166	2022-07-19	https://www.gazzettaufficiale.it/eli/id/2022/07/18/22G00101/sg
22G00102	2022-07-19	LEGGE	94	2022-07-12	MATCH			167	2022-07-20	https://www.gazzettaufficiale.it/eli/id/2022/07/19/22G00102/sg
22G00103	2022-07-20	LEGGE	95	2022-07-12	MATCH			168	2022-07-21	https://www.gazzettaufficiale.it/eli/id/2022/07/20/22G00103/sg
22G00108	2022-07-26	LEGGE	99	2022-07-15	MATCH			173	2022-07-27	https://www.gazzettaufficiale.it/eli/id/2022/07/26/22G00108/sg
22G00113	2022-07-29	DECRETO_LEGISLATIVO	104	2022-06-27	MATCH			176	2022-08-13	https://www.gazzettaufficiale.it/eli/id/2022/07/29/22G00113/sg
22G00114	2022-07-29	DECRETO_LEGISLATIVO	105	2022-06-30	MATCH			176	2022-08-13	https://www.gazzettaufficiale.it/eli/id/2022/07/29/22G00114/sg
22G00116	2022-08-03	LEGGE	106	2022-07-15	MATCH			180	2022-08-18	https://www.gazzettaufficiale.it/eli/id/2022/08/03/22G00116/sg
22G00115	2022-08-04	DECRETO_LEGISLATIVO	107	2022-07-14	MATCH			181	2022-08-19	https://www.gazzettaufficiale.it/eli/id/2022/08/04/22G00115/sg
22G00120	2022-08-05	LEGGE	108	2022-08-05	MATCH			182	2022-08-06	https://www.gazzettaufficiale.it/eli/id/2022/08/05/22G00120/sg
22G00118	2022-08-06	LEGGE	111	2022-08-05	MATCH			183	2022-08-21	https://www.gazzettaufficiale.it/eli/id/2022/08/06/22G00118/sg
22G00119	2022-08-06	LEGGE	110	2022-08-05	MATCH			183	2022-08-21	https://www.gazzettaufficiale.it/eli/id/2022/08/06/22G00119/sg
22G00121	2022-08-08	LEGGE	112	2022-08-05	MATCH			184	2022-08-09	https://www.gazzettaufficiale.it/eli/id/2022/08/08/22G00121/sg
22G00122	2022-08-08	DECRETO_LEGISLATIVO	113	2022-08-02	MATCH			184	2022-08-23	https://www.gazzettaufficiale.it/eli/id/2022/08/08/22G00122/sg
22G00123	2022-08-08	DECRETO_LEGISLATIVO	114	2022-08-03	MATCH			184	2022-08-23	https://www.gazzettaufficiale.it/eli/id/2022/08/08/22G00123/sg
22G00128	2022-08-09	DECRETO-LEGGE	115	2022-08-09	MATCH			185	2022-08-10	https://www.gazzettaufficiale.it/eli/id/2022/08/09/22G00128/sg
22G00124	2022-08-11	LEGGE	116	2022-08-05	MATCH			187	2022-08-12	https://www.gazzettaufficiale.it/eli/id/2022/08/11/22G00124/sg
22G00125	2022-08-11	LEGGE	117	2022-08-05	MATCH			187	2022-08-12	https://www.gazzettaufficiale.it/eli/id/2022/08/11/22G00125/sg
22G00126	2022-08-12	LEGGE	118	2022-08-05	MATCH			188	2022-08-27	https://www.gazzettaufficiale.it/eli/id/2022/08/12/22G00126/sg
22G00131	2022-08-13	LEGGE	119	2022-08-05	MATCH			189	2022-08-28	https://www.gazzettaufficiale.it/eli/id/2022/08/13/22G00131/sg
22G00127	2022-08-19	LEGGE	122	2022-08-04	MATCH			193	2022-08-20	https://www.gazzettaufficiale.it/eli/id/2022/08/19/22G00127/sg
22G00133	2022-08-20	DECRETO_LEGISLATIVO	123	2022-08-03	MATCH			194	2022-09-04	https://www.gazzettaufficiale.it/eli/id/2022/08/20/22G00133/sg
22G00136	2022-08-26	LEGGE	127	2022-08-04	MATCH			199	2022-09-10	https://www.gazzettaufficiale.it/eli/id/2022/08/26/22G00136/sg
22G00139	2022-09-01	LEGGE	129	2022-08-03	MATCH			204	2022-09-16	https://www.gazzettaufficiale.it/eli/id/2022/09/01/22G00139/sg
22G00141	2022-09-01	LEGGE	130	2022-08-31	MATCH			204	2022-09-16	https://www.gazzettaufficiale.it/eli/id/2022/09/01/22G00141/sg
22G00140	2022-09-02	DECRETO_LEGISLATIVO	131	2022-08-03	MATCH			205	2022-09-03	https://www.gazzettaufficiale.it/eli/id/2022/09/02/22G00140/sg
22G00142	2022-09-12	DECRETO_LEGISLATIVO	134	2022-08-05	MATCH			213	2022-09-27	https://www.gazzettaufficiale.it/eli/id/2022/09/12/22G00142/sg
22G00143	2022-09-12	DECRETO_LEGISLATIVO	135	2022-08-05	MATCH			213	2022-09-27	https://www.gazzettaufficiale.it/eli/id/2022/09/12/22G00143/sg
22G00144	2022-09-12	DECRETO_LEGISLATIVO	136	2022-08-05	MATCH			213	2022-09-27	https://www.gazzettaufficiale.it/eli/id/2022/09/12/22G00144/sg
22G00145	2022-09-13	DECRETO_LEGISLATIVO	137	2022-08-05	MATCH			214	2022-09-28	https://www.gazzettaufficiale.it/eli/id/2022/09/13/22G00145/sg
22G00146	2022-09-13	DECRETO_LEGISLATIVO	138	2022-08-05	MATCH			214	2022-09-28	https://www.gazzettaufficiale.it/eli/id/2022/09/13/22G00146/sg
22G00148	2022-09-14	DECRETO_LEGISLATIVO	139	2022-08-03	MATCH			215	2022-09-29	https://www.gazzettaufficiale.it/eli/id/2022/09/14/22G00148/sg
22G00149	2022-09-15	LEGGE	140	2022-08-31	MATCH			216	2022-09-30	https://www.gazzettaufficiale.it/eli/id/2022/09/15/22G00149/sg
22G00152	2022-09-21	LEGGE	142	2022-09-21	MATCH			221	2022-09-22	https://www.gazzettaufficiale.it/eli/id/2022/09/21/22G00152/sg
22G00154	2022-09-23	DECRETO-LEGGE	144	2022-09-23	MATCH			223	2022-09-24	https://www.gazzettaufficiale.it/eli/id/2022/09/23/22G00154/sg
22G00158	2022-10-17	DECRETO_LEGISLATIVO	149	2022-10-10	MATCH			243	2022-10-18	https://www.gazzettaufficiale.it/eli/id/2022/10/17/22G00158/sg
22G00159	2022-10-17	DECRETO_LEGISLATIVO	150	2022-10-10	MATCH			243	2022-11-01	https://www.gazzettaufficiale.it/eli/id/2022/10/17/22G00159/sg
22G00160	2022-10-17	DECRETO_LEGISLATIVO	151	2022-10-10	MATCH			243	2022-11-01	https://www.gazzettaufficiale.it/eli/id/2022/10/17/22G00160/sg
22G00170	2022-10-21	DECRETO-LEGGE	153	2022-10-20	MATCH			247	2022-10-22	https://www.gazzettaufficiale.it/eli/id/2022/10/21/22G00170/sg
22G00164	2022-10-22	DECRETO_LEGISLATIVO	156	2022-10-04	MATCH			248	2022-11-06	https://www.gazzettaufficiale.it/eli/id/2022/10/22/22G00164/sg
22G00165	2022-10-22	DECRETO_LEGISLATIVO	157	2022-10-12	MATCH			248	2022-10-23	https://www.gazzettaufficiale.it/eli/id/2022/10/22/22G00165/sg
22G00166	2022-10-27	DECRETO_LEGISLATIVO	159	2022-10-03	MATCH			252	2022-11-11	https://www.gazzettaufficiale.it/eli/id/2022/10/27/22G00166/sg
22G00167	2022-10-27	DECRETO_LEGISLATIVO	158	2022-10-03	MATCH			252	2022-11-11	https://www.gazzettaufficiale.it/eli/id/2022/10/27/22G00167/sg
22G00168	2022-10-28	DECRETO_LEGISLATIVO	160	2022-10-03	MATCH			253	2022-11-12	https://www.gazzettaufficiale.it/eli/id/2022/10/28/22G00168/sg
22G00169	2022-10-28	DECRETO_LEGISLATIVO	161	2022-10-03	MATCH			253	2022-11-12	https://www.gazzettaufficiale.it/eli/id/2022/10/28/22G00169/sg
22G00176	2022-10-31	DECRETO-LEGGE	162	2022-10-31	MATCH			255	2022-10-31	https://www.gazzettaufficiale.it/eli/id/2022/10/31/22G00176/sg
22G00174	2022-11-02	DECRETO_LEGISLATIVO	163	2022-10-05	MATCH			256	2022-11-17	https://www.gazzettaufficiale.it/eli/id/2022/11/02/22G00174/sg
22G00182	2022-11-08	DECRETO-LEGGE	169	2022-11-08	MATCH			261	2022-11-09	https://www.gazzettaufficiale.it/eli/id/2022/11/08/22G00182/sg
22G00185	2022-11-11	DECRETO-LEGGE	173	2022-11-11	MATCH			264	2022-11-12	https://www.gazzettaufficiale.it/eli/id/2022/11/11/22G00185/sg
22G00187	2022-11-17	LEGGE	175	2022-11-17	MATCH			269	2022-11-18	https://www.gazzettaufficiale.it/eli/id/2022/11/17/22G00187/sg
22G00189	2022-11-18	DECRETO-LEGGE	176	2022-11-18	MATCH			270	2022-11-19	https://www.gazzettaufficiale.it/eli/id/2022/11/18/22G00189/sg
22G00192	2022-11-23	DECRETO-LEGGE	179	2022-11-23	MATCH			274	2022-11-24	https://www.gazzettaufficiale.it/eli/id/2022/11/23/22G00192/sg
22G00197	2022-12-02	DECRETO-LEGGE	185	2022-12-02	MATCH			282	2022-12-02	https://www.gazzettaufficiale.it/eli/id/2022/12/02/22G00197/sg
22G00198	2022-12-03	DECRETO-LEGGE	186	2022-12-03	MATCH			283	2022-12-04	https://www.gazzettaufficiale.it/eli/id/2022/12/03/22G00198/sg
22G00199	2022-12-05	DECRETO-LEGGE	187	2022-12-05	MATCH			284	2022-12-06	https://www.gazzettaufficiale.it/eli/id/2022/12/05/22G00199/sg
22G00203	2022-12-12	DECRETO-LEGGE	190	2022-12-12	MATCH			289	2022-12-13	https://www.gazzettaufficiale.it/eli/id/2022/12/12/22G00203/sg
22G00206	2022-12-27	LEGGE	196	2022-12-16	MATCH			301	2022-12-28	https://www.gazzettaufficiale.it/eli/id/2022/12/27/22G00206/sg
22G00211	2022-12-29	LEGGE	197	2022-12-29	MATCH			303	2023-01-01	https://www.gazzettaufficiale.it/eli/id/2022/12/29/22G00211/sg
22G00212	2022-12-29	DECRETO-LEGGE	198	2022-12-29	MATCH			303	2022-12-30	https://www.gazzettaufficiale.it/eli/id/2022/12/29/22G00212/sg
22G00208	2022-12-30	DECRETO_LEGISLATIVO	200	2022-12-23	MATCH			304	2022-12-31	https://www.gazzettaufficiale.it/eli/id/2022/12/30/22G00208/sg
22G00209	2022-12-30	LEGGE	199	2022-12-30	MATCH			304	2022-12-31	https://www.gazzettaufficiale.it/eli/id/2022/12/30/22G00209/sg
22G00210	2022-12-30	DECRETO_LEGISLATIVO	201	2022-12-23	MATCH			304	2022-12-31	https://www.gazzettaufficiale.it/eli/id/2022/12/30/22G00210/sg
23G00001	2023-01-02	DECRETO-LEGGE	1	2023-01-02	MATCH			1	2023-01-03	https://www.gazzettaufficiale.it/eli/id/2023/01/02/23G00001/sg
22G00207	2023-01-03	DECRETO_LEGISLATIVO	203	2022-11-25	MATCH			2	2023-01-18	https://www.gazzettaufficiale.it/eli/id/2023/01/03/22G00207/sg
22G00213	2023-01-04	LEGGE	204	2022-12-16	MATCH			3	2023-01-05	https://www.gazzettaufficiale.it/eli/id/2023/01/04/22G00213/sg
23G00003	2023-01-05	DECRETO-LEGGE	2	2023-01-05	MATCH			4	2023-01-06	https://www.gazzettaufficiale.it/eli/id/2023/01/05/23G00003/sg
23G00005	2023-01-11	DECRETO-LEGGE	3	2023-01-11	MATCH			8	2023-01-12	https://www.gazzettaufficiale.it/eli/id/2023/01/11/23G00005/sg
23G00006	2023-01-11	DECRETO-LEGGE	4	2023-01-11	MATCH			8	2023-01-12	https://www.gazzettaufficiale.it/eli/id/2023/01/11/23G00006/sg
23G00004	2023-01-13	DECRETO_LEGISLATIVO	206	2022-11-25	MATCH			10	2023-01-28	https://www.gazzettaufficiale.it/eli/id/2023/01/13/23G00004/sg
23G00007	2023-01-14	DECRETO-LEGGE	5	2023-01-14	MATCH			11	2023-01-15	https://www.gazzettaufficiale.it/eli/id/2023/01/14/23G00007/sg
23G00010	2023-01-17	LEGGE	6	2023-01-13	MATCH			13	2023-01-18	https://www.gazzettaufficiale.it/eli/id/2023/01/17/23G00010/sg
23G00013	2023-01-28	LEGGE	7	2023-01-27	MATCH			23	2023-01-29	https://www.gazzettaufficiale.it/eli/id/2023/01/28/23G00013/sg
23G00012	2023-01-31	LEGGE	8	2023-01-27	MATCH			25	2023-02-01	https://www.gazzettaufficiale.it/eli/id/2023/01/31/23G00012/sg
23G00014	2023-02-01	LEGGE	9	2023-01-27	MATCH			26	2023-02-02	https://www.gazzettaufficiale.it/eli/id/2023/02/01/23G00014/sg
23G00015	2023-02-03	LEGGE	10	2023-02-01	MATCH			28	2023-02-04	https://www.gazzettaufficiale.it/eli/id/2023/02/03/23G00015/sg
23G00020	2023-02-16	DECRETO-LEGGE	11	2023-02-16	MATCH			40	2023-02-17	https://www.gazzettaufficiale.it/eli/id/2023/02/16/23G00020/sg
23G00019	2023-02-17	LEGGE	12	2023-02-09	MATCH			41	2023-02-18	https://www.gazzettaufficiale.it/eli/id/2023/02/17/23G00019/sg
23G00022	2023-02-24	DECRETO-LEGGE	13	2023-02-24	MATCH			47	2023-02-25	https://www.gazzettaufficiale.it/eli/id/2023/02/24/23G00022/sg
23G00021	2023-02-27	LEGGE	14	2023-02-24	MATCH			49	2023-02-28	https://www.gazzettaufficiale.it/eli/id/2023/02/27/23G00021/sg
23G00023	2023-03-02	LEGGE	15	2023-02-24	MATCH			52	2023-03-03	https://www.gazzettaufficiale.it/eli/id/2023/03/02/23G00023/sg
23G00024	2023-03-02	DECRETO-LEGGE	16	2023-03-02	MATCH			52	2023-03-03	https://www.gazzettaufficiale.it/eli/id/2023/03/02/23G00024/sg
23G00025	2023-03-06	DECRETO_LEGISLATIVO	18	2023-02-23	MATCH			55	2023-03-21	https://www.gazzettaufficiale.it/eli/id/2023/03/06/23G00025/sg
23G00026	2023-03-06	LEGGE	17	2023-03-03	MATCH			55	2023-03-07	https://www.gazzettaufficiale.it/eli/id/2023/03/06/23G00026/sg
23G00027	2023-03-07	DECRETO_LEGISLATIVO	19	2023-03-02	MATCH			56	2023-03-22	https://www.gazzettaufficiale.it/eli/id/2023/03/07/23G00027/sg
23G00030	2023-03-10	DECRETO-LEGGE	20	2023-03-10	MATCH			59	2023-03-11	https://www.gazzettaufficiale.it/eli/id/2023/03/10/23G00030/sg
23G00028	2023-03-11	LEGGE	21	2023-03-10	MATCH			60	2023-03-12	https://www.gazzettaufficiale.it/eli/id/2023/03/11/23G00028/sg
23G00029	2023-03-14	LEGGE	22	2023-03-02	MATCH			62	2023-03-15	https://www.gazzettaufficiale.it/eli/id/2023/03/14/23G00029/sg
23G00031	2023-03-15	LEGGE	23	2023-03-10	MATCH			63	2023-03-16	https://www.gazzettaufficiale.it/eli/id/2023/03/15/23G00031/sg
23G00032	2023-03-15	DECRETO_LEGISLATIVO	24	2023-03-10	MATCH			63	2023-03-30	https://www.gazzettaufficiale.it/eli/id/2023/03/15/23G00032/sg
23G00035	2023-03-17	DECRETO-LEGGE	25	2023-03-17	MATCH			65	2023-03-18	https://www.gazzettaufficiale.it/eli/id/2023/03/17/23G00035/sg
23G00033	2023-03-18	DECRETO_LEGISLATIVO	26	2023-03-07	MATCH			66	2023-04-02	https://www.gazzettaufficiale.it/eli/id/2023/03/18/23G00033/sg
23G00034	2023-03-20	DECRETO_LEGISLATIVO	27	2023-02-23	MATCH			67	2023-03-21	https://www.gazzettaufficiale.it/eli/id/2023/03/20/23G00034/sg
23G00036	2023-03-23	DECRETO_LEGISLATIVO	28	2023-03-10	MATCH			70	2023-04-07	https://www.gazzettaufficiale.it/eli/id/2023/03/23/23G00036/sg
23G00037	2023-03-23	DECRETO_LEGISLATIVO	29	2023-03-10	MATCH			70	2023-04-07	https://www.gazzettaufficiale.it/eli/id/2023/03/23/23G00037/sg
23G00038	2023-03-24	DECRETO_LEGISLATIVO	30	2023-03-10	MATCH			71	2023-04-08	https://www.gazzettaufficiale.it/eli/id/2023/03/24/23G00038/sg
23G00039	2023-03-24	DECRETO_LEGISLATIVO	31	2023-03-10	MATCH			71	2023-04-08	https://www.gazzettaufficiale.it/eli/id/2023/03/24/23G00039/sg
23G00040	2023-03-25	DECRETO_LEGISLATIVO	32	2023-03-01	MATCH			72	2023-03-26	https://www.gazzettaufficiale.it/eli/id/2023/03/25/23G00040/sg
23G00041	2023-03-30	LEGGE	33	2023-03-23	MATCH			76	2023-03-31	https://www.gazzettaufficiale.it/eli/id/2023/03/30/23G00041/sg
23G00042	2023-03-30	DECRETO-LEGGE	34	2023-03-30	MATCH			76	2023-03-31	https://www.gazzettaufficiale.it/eli/id/2023/03/30/23G00042/sg
23G00043	2023-03-31	DECRETO-LEGGE	35	2023-03-31	MATCH			77	2023-04-01	https://www.gazzettaufficiale.it/eli/id/2023/03/31/23G00043/sg
23G00044	2023-03-31	DECRETO_LEGISLATIVO	36	2023-03-31	ERROR	HTTP 500 for https://www.gazzettaufficiale.it/eli/id/2023/03/31/23G00044/sg				https://www.gazzettaufficiale.it/eli/id/2023/03/31/23G00044/sg
23G00045	2023-04-07	LEGGE	37	2023-03-30	MATCH			83	2023-04-08	https://www.gazzettaufficiale.it/eli/id/2023/04/07/23G00045/sg
23G00046	2023-04-11	LEGGE	38	2023-04-11	MATCH			85	2023-04-12	https://www.gazzettaufficiale.it/eli/id/2023/04/11/23G00046/sg
23G00047	2023-04-14	DECRETO-LEGGE	39	2023-04-14	MATCH			88	2023-04-15	https://www.gazzettaufficiale.it/eli/id/2023/04/14/23G00047/sg
23G00050	2023-04-21	DECRETO_LEGISLATIVO	42	2023-03-17	MATCH			94	2023-05-06	https://www.gazzettaufficiale.it/eli/id/2023/04/21/23G00050/sg
23G00053	2023-04-21	LEGGE	41	2023-04-21	MATCH			94	2023-04-22	https://www.gazzettaufficiale.it/eli/id/2023/04/21/23G00053/sg
23G00054	2023-04-22	DECRETO-LEGGE	44	2023-04-22	MATCH			95	2023-04-23	https://www.gazzettaufficiale.it/eli/id/2023/04/22/23G00054/sg
23G00056	2023-04-28	LEGGE	46	2023-04-21	MATCH			99	2023-04-29	https://www.gazzettaufficiale.it/eli/id/2023/04/28/23G00056/sg
23G00057	2023-05-04	DECRETO-LEGGE	48	2023-05-04	MATCH			103	2023-05-05	https://www.gazzettaufficiale.it/eli/id/2023/05/04/23G00057/sg
23G00051	2023-05-05	LEGGE	49	2023-04-21	MATCH			104	2023-05-20	https://www.gazzettaufficiale.it/eli/id/2023/05/05/23G00051/sg
23G00058	2023-05-05	LEGGE	50	2023-05-05	MATCH			104	2023-05-06	https://www.gazzettaufficiale.it/eli/id/2023/05/05/23G00058/sg
23G00059	2023-05-10	DECRETO-LEGGE	51	2023-05-10	MATCH			108	2023-05-11	https://www.gazzettaufficiale.it/eli/id/2023/05/10/23G00059/sg
23G00060	2023-05-15	LEGGE	52	2023-05-10	MATCH			112	2023-05-16	https://www.gazzettaufficiale.it/eli/id/2023/05/15/23G00060/sg
23G00061	2023-05-18	LEGGE	53	2023-05-10	MATCH			115	2023-05-19	https://www.gazzettaufficiale.it/eli/id/2023/05/18/23G00061/sg
23G00062	2023-05-19	DECRETO_LEGISLATIVO	54	2023-05-04	MATCH			116	2023-06-03	https://www.gazzettaufficiale.it/eli/id/2023/05/19/23G00062/sg
23G00063	2023-05-26	LEGGE	55	2023-05-15	MATCH			122	2023-05-27	https://www.gazzettaufficiale.it/eli/id/2023/05/26/23G00063/sg
23G00068	2023-05-29	LEGGE	56	2023-05-26	MATCH			124	2023-05-30	https://www.gazzettaufficiale.it/eli/id/2023/05/29/23G00068/sg
23G00070	2023-05-29	DECRETO-LEGGE	57	2023-05-29	MATCH			124	2023-05-30	https://www.gazzettaufficiale.it/eli/id/2023/05/29/23G00070/sg
23G00069	2023-05-30	LEGGE	58	2023-05-26	MATCH			125	2023-05-31	https://www.gazzettaufficiale.it/eli/id/2023/05/30/23G00069/sg
23G00066	2023-06-01	DECRETO_LEGISLATIVO	213	2022-12-23	MATCH			127	2023-06-16	https://www.gazzettaufficiale.it/eli/id/2023/06/01/23G00066/sg
23G00067	2023-06-01	LEGGE	60	2023-05-24	MATCH			127	2023-06-16	https://www.gazzettaufficiale.it/eli/id/2023/06/01/23G00067/sg
23G00074	2023-06-01	DECRETO-LEGGE	61	2023-06-01	MATCH			127	2023-06-02	https://www.gazzettaufficiale.it/eli/id/2023/06/01/23G00074/sg
23G00064	2023-06-05	LEGGE	62	2023-05-15	MATCH			129	2023-06-06	https://www.gazzettaufficiale.it/eli/id/2023/06/05/23G00064/sg
23G00071	2023-06-06	LEGGE	63	2023-05-15	MATCH			130	2023-06-07	https://www.gazzettaufficiale.it/eli/id/2023/06/06/23G00071/sg
23G00072	2023-06-08	DECRETO_LEGISLATIVO	64	2023-05-15	MATCH			132	2023-06-23	https://www.gazzettaufficiale.it/eli/id/2023/06/08/23G00072/sg
23G00073	2023-06-08	DECRETO_LEGISLATIVO	65	2023-05-15	MATCH			132	2023-06-23	https://www.gazzettaufficiale.it/eli/id/2023/06/08/23G00073/sg
23G00079	2023-06-13	LEGGE	68	2023-06-13	MATCH			136	2023-06-14	https://www.gazzettaufficiale.it/eli/id/2023/06/13/23G00079/sg
23G00080	2023-06-13	DECRETO-LEGGE	69	2023-06-13	MATCH			136	2023-06-14	https://www.gazzettaufficiale.it/eli/id/2023/06/13/23G00080/sg
23G00077	2023-06-15	DECRETO_LEGISLATIVO	70	2023-05-15	MATCH			138	2023-06-16	https://www.gazzettaufficiale.it/eli/id/2023/06/15/23G00077/sg
23G00088	2023-06-21	LEGGE	74	2023-06-21	MATCH			143	2023-06-22	https://www.gazzettaufficiale.it/eli/id/2023/06/21/23G00088/sg
23G00090	2023-06-22	DECRETO-LEGGE	75	2023-06-22	MATCH			144	2023-06-23	https://www.gazzettaufficiale.it/eli/id/2023/06/22/23G00090/sg
23G00083	2023-06-26	LEGGE	76	2023-06-08	MATCH			147	2023-06-27	https://www.gazzettaufficiale.it/eli/id/2023/06/26/23G00083/sg
23G00084	2023-06-27	LEGGE	77	2023-06-08	MATCH			148	2023-06-28	https://www.gazzettaufficiale.it/eli/id/2023/06/27/23G00084/sg
23G00085	2023-06-28	LEGGE	78	2023-06-08	MATCH			149	2023-06-29	https://www.gazzettaufficiale.it/eli/id/2023/06/28/23G00085/sg
23G00094	2023-06-28	DECRETO-LEGGE	79	2023-06-28	MATCH			149	2023-06-29	https://www.gazzettaufficiale.it/eli/id/2023/06/28/23G00094/sg
23G00086	2023-06-29	LEGGE	80	2023-06-08	MATCH			150	2023-06-30	https://www.gazzettaufficiale.it/eli/id/2023/06/29/23G00086/sg
23G00087	2023-06-30	LEGGE	83	2023-06-13	MATCH			151	2023-07-01	https://www.gazzettaufficiale.it/eli/id/2023/06/30/23G00087/sg
23G00089	2023-07-03	LEGGE	84	2023-06-08	MATCH			153	2023-07-04	https://www.gazzettaufficiale.it/eli/id/2023/07/03/23G00089/sg
23G00095	2023-07-03	LEGGE	85	2023-07-03	MATCH			153	2023-07-04	https://www.gazzettaufficiale.it/eli/id/2023/07/03/23G00095/sg
23G00096	2023-07-05	LEGGE	87	2023-07-03	MATCH			155	2023-07-06	https://www.gazzettaufficiale.it/eli/id/2023/07/05/23G00096/sg
23G00097	2023-07-05	DECRETO-LEGGE	88	2023-07-05	MATCH			155	2023-07-06	https://www.gazzettaufficiale.it/eli/id/2023/07/05/23G00097/sg
23G00101	2023-07-21	LEGGE	92	2023-07-10	MATCH			169	2023-07-22	https://www.gazzettaufficiale.it/eli/id/2023/07/21/23G00101/sg
23G00103	2023-07-24	LEGGE	93	2023-07-14	MATCH			171	2023-08-08	https://www.gazzettaufficiale.it/eli/id/2023/07/24/23G00103/sg
23G00102	2023-07-25	LEGGE	94	2023-07-11	MATCH			172	2023-07-26	https://www.gazzettaufficiale.it/eli/id/2023/07/25/23G00102/sg
23G00105	2023-07-27	LEGGE	95	2023-07-26	MATCH			174	2023-07-28	https://www.gazzettaufficiale.it/eli/id/2023/07/27/23G00105/sg
23G00110	2023-07-28	DECRETO-LEGGE	98	2023-07-28	MATCH			175	2023-07-29	https://www.gazzettaufficiale.it/eli/id/2023/07/28/23G00110/sg
23G00111	2023-07-31	LEGGE	100	2023-07-31	MATCH			177	2023-08-01	https://www.gazzettaufficiale.it/eli/id/2023/07/31/23G00111/sg
23G00109	2023-08-01	DECRETO_LEGISLATIVO	101	2023-07-10	MATCH			178	2023-08-16	https://www.gazzettaufficiale.it/eli/id/2023/08/01/23G00109/sg
23G00104	2023-08-08	LEGGE	102	2023-07-24	MATCH			184	2023-08-23	https://www.gazzettaufficiale.it/eli/id/2023/08/08/23G00104/sg
23G00112	2023-08-10	LEGGE	103	2023-08-10	MATCH			186	2023-08-11	https://www.gazzettaufficiale.it/eli/id/2023/08/10/23G00112/sg
23G00113	2023-08-10	DECRETO_LEGISLATIVO	106	2023-07-26	MATCH			186	2023-08-25	https://www.gazzettaufficiale.it/eli/id/2023/08/10/23G00113/sg
23G00118	2023-08-10	DECRETO-LEGGE	105	2023-08-10	MATCH			186	2023-08-11	https://www.gazzettaufficiale.it/eli/id/2023/08/10/23G00118/sg
23G00119	2023-08-10	DECRETO-LEGGE	104	2023-08-10	MATCH			186	2023-08-11	https://www.gazzettaufficiale.it/eli/id/2023/08/10/23G00119/sg
23G00114	2023-08-11	DECRETO_LEGISLATIVO	107	2023-07-24	MATCH			187	2023-08-26	https://www.gazzettaufficiale.it/eli/id/2023/08/11/23G00114/sg
23G00122	2023-08-14	LEGGE	111	2023-08-09	MATCH			189	2023-08-29	https://www.gazzettaufficiale.it/eli/id/2023/08/14/23G00122/sg
23G00115	2023-08-16	LEGGE	112	2023-08-10	MATCH			190	2023-08-17	https://www.gazzettaufficiale.it/eli/id/2023/08/16/23G00115/sg
23G00123	2023-08-16	DECRETO_LEGISLATIVO	113	2023-07-31	MATCH			190	2023-08-31	https://www.gazzettaufficiale.it/eli/id/2023/08/16/23G00123/sg
23G00127	2023-08-30	LEGGE	117	2023-07-31	MATCH			202	2023-08-31	https://www.gazzettaufficiale.it/eli/id/2023/08/30/23G00127/sg
23G00128	2023-08-31	DECRETO-LEGGE	118	2023-08-31	MATCH			203	2023-09-01	https://www.gazzettaufficiale.it/eli/id/2023/08/31/23G00128/sg
23G00129	2023-09-04	DECRETO_LEGISLATIVO	120	2023-08-29	MATCH			206	2023-09-05	https://www.gazzettaufficiale.it/eli/id/2023/09/04/23G00129/sg
23G00131	2023-09-12	DECRETO-LEGGE	121	2023-09-12	MATCH			213	2023-09-13	https://www.gazzettaufficiale.it/eli/id/2023/09/12/23G00131/sg
23G00132	2023-09-15	LEGGE	122	2023-09-08	MATCH			216	2023-09-30	https://www.gazzettaufficiale.it/eli/id/2023/09/15/23G00132/sg
23G00135	2023-09-15	DECRETO-LEGGE	123	2023-09-15	MATCH			216	2023-09-16	https://www.gazzettaufficiale.it/eli/id/2023/09/15/23G00135/sg
23G00137	2023-09-19	DECRETO-LEGGE	124	2023-09-19	MATCH			219	2023-09-20	https://www.gazzettaufficiale.it/eli/id/2023/09/19/23G00137/sg
23G00138	2023-09-22	LEGGE	126	2023-09-12	MATCH			222	2023-09-23	https://www.gazzettaufficiale.it/eli/id/2023/09/22/23G00138/sg
23G00133	2023-09-23	LEGGE	128	2023-09-18	MATCH			223	2023-10-08	https://www.gazzettaufficiale.it/eli/id/2023/09/23/23G00133/sg
23G00134	2023-09-23	LEGGE	129	2023-09-18	MATCH			223	2023-10-08	https://www.gazzettaufficiale.it/eli/id/2023/09/23/23G00134/sg
23G00139	2023-09-23	LEGGE	127	2023-09-18	MATCH			223	2023-09-24	https://www.gazzettaufficiale.it/eli/id/2023/09/23/23G00139/sg
23G00140	2023-09-27	LEGGE	130	2023-09-15	MATCH			226	2023-10-12	https://www.gazzettaufficiale.it/eli/id/2023/09/27/23G00140/sg
23G00141	2023-09-29	DECRETO-LEGGE	131	2023-09-29	MATCH			228	2023-09-30	https://www.gazzettaufficiale.it/eli/id/2023/09/29/23G00141/sg
23G00142	2023-09-29	DECRETO-LEGGE	132	2023-09-29	MATCH			228	2023-09-30	https://www.gazzettaufficiale.it/eli/id/2023/09/29/23G00142/sg
23G00145	2023-10-05	DECRETO-LEGGE	133	2023-10-05	MATCH			233	2023-10-06	https://www.gazzettaufficiale.it/eli/id/2023/10/05/23G00145/sg
23G00148	2023-10-09	LEGGE	136	2023-10-09	MATCH			236	2023-10-10	https://www.gazzettaufficiale.it/eli/id/2023/10/09/23G00148/sg
23G00149	2023-10-09	LEGGE	137	2023-10-09	MATCH			236	2023-10-10	https://www.gazzettaufficiale.it/eli/id/2023/10/09/23G00149/sg
23G00146	2023-10-10	LEGGE	138	2023-09-26	MATCH			237	2023-10-25	https://www.gazzettaufficiale.it/eli/id/2023/10/10/23G00146/sg
23G00150	2023-10-12	LEGGE	139	2023-09-22	MATCH			239	2023-10-13	https://www.gazzettaufficiale.it/eli/id/2023/10/12/23G00150/sg
23G00156	2023-10-12	DECRETO-LEGGE	140	2023-10-12	MATCH			239	2023-10-13	https://www.gazzettaufficiale.it/eli/id/2023/10/12/23G00156/sg
23G00151	2023-10-13	LEGGE	141	2023-09-22	MATCH			240	2023-10-14	https://www.gazzettaufficiale.it/eli/id/2023/10/13/23G00151/sg
23G00153	2023-10-17	DECRETO_LEGISLATIVO	143	2023-09-26	MATCH			243	2023-11-01	https://www.gazzettaufficiale.it/eli/id/2023/10/17/23G00153/sg
23G00154	2023-10-18	DECRETO_LEGISLATIVO	146	2023-09-26	MATCH			244	2023-11-02	https://www.gazzettaufficiale.it/eli/id/2023/10/18/23G00154/sg
23G00157	2023-10-18	DECRETO-LEGGE	144	2023-10-18	MATCH			244	2023-10-19	https://www.gazzettaufficiale.it/eli/id/2023/10/18/23G00157/sg
23G00158	2023-10-18	DECRETO-LEGGE	145	2023-10-18	MATCH			244	2023-10-19	https://www.gazzettaufficiale.it/eli/id/2023/10/18/23G00158/sg
23G00155	2023-10-19	DECRETO_LEGISLATIVO	147	2023-09-26	MATCH			245	2023-11-03	https://www.gazzettaufficiale.it/eli/id/2023/10/19/23G00155/sg
23G00159	2023-10-30	DECRETO_LEGISLATIVO	148	2023-10-06	MATCH			254	2023-11-14	https://www.gazzettaufficiale.it/eli/id/2023/10/30/23G00159/sg
23G00161	2023-11-02	DECRETO_LEGISLATIVO	152	2023-10-18	MATCH			256	2023-11-17	https://www.gazzettaufficiale.it/eli/id/2023/11/02/23G00161/sg
23G00160	2023-11-03	DECRETO_LEGISLATIVO	153	2023-10-18	MATCH			257	2023-11-18	https://www.gazzettaufficiale.it/eli/id/2023/11/03/23G00160/sg
23G00164	2023-11-11	LEGGE	155	2023-11-06	MATCH			264	2023-11-12	https://www.gazzettaufficiale.it/eli/id/2023/11/11/23G00164/sg
23G00166	2023-11-14	LEGGE	158	2023-10-20	MATCH			266	2023-11-29	https://www.gazzettaufficiale.it/eli/id/2023/11/14/23G00166/sg
23G00172	2023-11-14	LEGGE	159	2023-11-13	MATCH			266	2023-11-15	https://www.gazzettaufficiale.it/eli/id/2023/11/14/23G00172/sg
23G00167	2023-11-15	LEGGE	160	2023-10-27	MATCH			267	2023-11-30	https://www.gazzettaufficiale.it/eli/id/2023/11/15/23G00167/sg
23G00173	2023-11-15	DECRETO-LEGGE	161	2023-11-15	MATCH			267	2023-11-16	https://www.gazzettaufficiale.it/eli/id/2023/11/15/23G00173/sg
23G00175	2023-11-16	LEGGE	162	2023-11-13	MATCH			268	2023-11-17	https://www.gazzettaufficiale.it/eli/id/2023/11/16/23G00175/sg
23G00178	2023-11-24	LEGGE	168	2023-11-24	MATCH			275	2023-12-09	https://www.gazzettaufficiale.it/eli/id/2023/11/24/23G00178/sg
23G00180	2023-11-28	LEGGE	169	2023-11-27	MATCH			278	2023-11-29	https://www.gazzettaufficiale.it/eli/id/2023/11/28/23G00180/sg
23G00181	2023-11-28	LEGGE	170	2023-11-27	MATCH			278	2023-11-29	https://www.gazzettaufficiale.it/eli/id/2023/11/28/23G00181/sg
23G00188	2023-12-01	LEGGE	172	2023-12-01	MATCH			281	2023-12-16	https://www.gazzettaufficiale.it/eli/id/2023/12/01/23G00188/sg
23G00187	2023-12-02	DECRETO_LEGISLATIVO	175	2023-11-30	MATCH			282	2023-12-03	https://www.gazzettaufficiale.it/eli/id/2023/12/02/23G00187/sg
23G00189	2023-12-04	LEGGE	176	2023-12-01	MATCH			283	2023-12-05	https://www.gazzettaufficiale.it/eli/id/2023/12/04/23G00189/sg
23G00190	2023-12-09	DECRETO_LEGISLATIVO	182	2023-11-23	MATCH			287	2023-12-24	https://www.gazzettaufficiale.it/eli/id/2023/12/09/23G00190/sg
23G00195	2023-12-09	DECRETO-LEGGE	181	2023-12-09	MATCH			287	2023-12-10	https://www.gazzettaufficiale.it/eli/id/2023/12/09/23G00195/sg
23G00193	2023-12-11	LEGGE	183	2023-12-07	MATCH			288	2023-12-12	https://www.gazzettaufficiale.it/eli/id/2023/12/11/23G00193/sg
23G00191	2023-12-13	DECRETO_LEGISLATIVO	185	2023-11-23	MATCH			290	2023-12-28	https://www.gazzettaufficiale.it/eli/id/2023/12/13/23G00191/sg
23G00196	2023-12-13	DECRETO_LEGISLATIVO	184	2023-11-22	MATCH			290	2023-12-28	https://www.gazzettaufficiale.it/eli/id/2023/12/13/23G00196/sg
23G00197	2023-12-15	LEGGE	187	2023-11-24	MATCH			292	2023-12-30	https://www.gazzettaufficiale.it/eli/id/2023/12/15/23G00197/sg
23G00199	2023-12-15	DECRETO_LEGISLATIVO	188	2023-11-23	MATCH			292	2023-12-30	https://www.gazzettaufficiale.it/eli/id/2023/12/15/23G00199/sg
23G00198	2023-12-16	DECRETO_LEGISLATIVO	192	2023-11-24	MATCH			293	2023-12-31	https://www.gazzettaufficiale.it/eli/id/2023/12/16/23G00198/sg
23G00201	2023-12-16	LEGGE	189	2023-12-13	MATCH			293	2023-12-17	https://www.gazzettaufficiale.it/eli/id/2023/12/16/23G00201/sg
23G00204	2023-12-16	LEGGE	191	2023-12-15	MATCH			293	2023-12-17	https://www.gazzettaufficiale.it/eli/id/2023/12/16/23G00204/sg
23G00205	2023-12-16	LEGGE	190	2023-12-13	MATCH			293	2023-12-17	https://www.gazzettaufficiale.it/eli/id/2023/12/16/23G00205/sg
23G00200	2023-12-18	DECRETO_LEGISLATIVO	194	2023-11-23	MATCH			294	2024-01-02	https://www.gazzettaufficiale.it/eli/id/2023/12/18/23G00200/sg
23G00206	2023-12-18	LEGGE	193	2023-12-07	MATCH			294	2024-01-02	https://www.gazzettaufficiale.it/eli/id/2023/12/18/23G00206/sg
23G00208	2023-12-20	LEGGE	197	2023-12-07	MATCH			296	2023-12-21	https://www.gazzettaufficiale.it/eli/id/2023/12/20/23G00208/sg
23G00209	2023-12-21	LEGGE	199	2023-12-07	MATCH			297	2023-12-22	https://www.gazzettaufficiale.it/eli/id/2023/12/21/23G00209/sg
23G00219	2023-12-21	DECRETO-LEGGE	200	2023-12-21	MATCH			297	2023-12-22	https://www.gazzettaufficiale.it/eli/id/2023/12/21/23G00219/sg
23G00210	2023-12-22	LEGGE	201	2023-11-28	MATCH			298	2024-01-06	https://www.gazzettaufficiale.it/eli/id/2023/12/22/23G00210/sg
23G00211	2023-12-22	LEGGE	202	2023-12-04	MATCH			298	2024-01-06	https://www.gazzettaufficiale.it/eli/id/2023/12/22/23G00211/sg
23G00213	2023-12-22	DECRETO_LEGISLATIVO	203	2023-12-07	MATCH			298	2024-01-06	https://www.gazzettaufficiale.it/eli/id/2023/12/22/23G00213/sg
23G00212	2023-12-23	DECRETO_LEGISLATIVO	205	2023-12-07	MATCH			299	2024-01-07	https://www.gazzettaufficiale.it/eli/id/2023/12/23/23G00212/sg
23G00214	2023-12-23	DECRETO_LEGISLATIVO	204	2023-12-06	MATCH			299	2023-12-24	https://www.gazzettaufficiale.it/eli/id/2023/12/23/23G00214/sg
23G00215	2023-12-27	DECRETO_LEGISLATIVO	207	2023-12-07	MATCH			300	2024-01-11	https://www.gazzettaufficiale.it/eli/id/2023/12/27/23G00215/sg
23G00221	2023-12-27	LEGGE	206	2023-12-27	MATCH			300	2024-01-11	https://www.gazzettaufficiale.it/eli/id/2023/12/27/23G00221/sg
23G00222	2023-12-28	DECRETO_LEGISLATIVO	209	2023-12-27	MATCH			301	2023-12-29	https://www.gazzettaufficiale.it/eli/id/2023/12/28/23G00222/sg
23G00226	2023-12-29	DECRETO-LEGGE	212	2023-12-29	MATCH			302	2023-12-30	https://www.gazzettaufficiale.it/eli/id/2023/12/29/23G00226/sg
23G00220	2023-12-30	LEGGE	214	2023-12-30	MATCH			303	2023-12-31	https://www.gazzettaufficiale.it/eli/id/2023/12/30/23G00220/sg
23G00223	2023-12-30	LEGGE	213	2023-12-30	MATCH			303	2024-01-01	https://www.gazzettaufficiale.it/eli/id/2023/12/30/23G00223/sg
23G00227	2023-12-30	DECRETO-LEGGE	215	2023-12-30	MATCH			303	2023-12-31	https://www.gazzettaufficiale.it/eli/id/2023/12/30/23G00227/sg
23G00228	2023-12-30	DECRETO_LEGISLATIVO	216	2023-12-30	MATCH			303	2023-12-31	https://www.gazzettaufficiale.it/eli/id/2023/12/30/23G00228/sg
23G00225	2024-01-03	DECRETO_LEGISLATIVO	218	2023-12-07	MATCH			2	2024-01-18	https://www.gazzettaufficiale.it/eli/id/2024/01/03/23G00225/sg
24G00001	2024-01-03	DECRETO_LEGISLATIVO	220	2023-12-30	MATCH			2	2024-01-04	https://www.gazzettaufficiale.it/eli/id/2024/01/03/24G00001/sg
24G00002	2024-01-03	DECRETO_LEGISLATIVO	221	2023-12-30	MATCH			2	2024-01-18	https://www.gazzettaufficiale.it/eli/id/2024/01/03/24G00002/sg
24G00003	2024-01-03	DECRETO_LEGISLATIVO	219	2023-12-30	MATCH			2	2024-01-18	https://www.gazzettaufficiale.it/eli/id/2024/01/03/24G00003/sg
24G00004	2024-01-12	DECRETO_LEGISLATIVO	222	2023-12-13	MATCH			9	2024-01-13	https://www.gazzettaufficiale.it/eli/id/2024/01/12/24G00004/sg
24G00007	2024-01-12	DECRETO_LEGISLATIVO	1	2024-01-08	MATCH			9	2024-01-13	https://www.gazzettaufficiale.it/eli/id/2024/01/12/24G00007/sg
24G00006	2024-01-13	LEGGE	2	2024-01-11	MATCH			10	2024-01-14	https://www.gazzettaufficiale.it/eli/id/2024/01/13/24G00006/sg
24G00009	2024-01-15	LEGGE	223	2023-12-30	MATCH			11	2024-01-30	https://www.gazzettaufficiale.it/eli/id/2024/01/15/24G00009/sg
24G00008	2024-01-16	DECRETO_LEGISLATIVO	224	2023-12-06	MATCH			12	2024-01-31	https://www.gazzettaufficiale.it/eli/id/2024/01/16/24G00008/sg
24G00010	2024-01-17	DECRETO_LEGISLATIVO	226	2023-12-21	MATCH			13	2024-01-18	https://www.gazzettaufficiale.it/eli/id/2024/01/17/24G00010/sg
24G00014	2024-01-18	DECRETO-LEGGE	4	2024-01-18	MATCH			14	2024-01-19	https://www.gazzettaufficiale.it/eli/id/2024/01/18/24G00014/sg
24G00015	2024-01-19	DECRETO-LEGGE	5	2024-01-19	MATCH			15	2024-01-20	https://www.gazzettaufficiale.it/eli/id/2024/01/19/24G00015/sg
24G00016	2024-01-24	LEGGE	6	2024-01-22	MATCH			19	2024-02-08	https://www.gazzettaufficiale.it/eli/id/2024/01/24/24G00016/sg
24G00017	2024-01-29	DECRETO-LEGGE	7	2024-01-29	MATCH			23	2024-01-30	https://www.gazzettaufficiale.it/eli/id/2024/01/29/24G00017/sg
24G00018	2024-01-30	DECRETO_LEGISLATIVO	8	2024-01-29	MATCH			24	2024-01-31	https://www.gazzettaufficiale.it/eli/id/2024/01/30/24G00018/sg
24G00021	2024-02-02	DECRETO-LEGGE	9	2024-02-02	MATCH			27	2024-02-03	https://www.gazzettaufficiale.it/eli/id/2024/02/02/24G00021/sg
24G00023	2024-02-05	DECRETO-LEGGE	10	2024-02-05	MATCH			29	2024-02-06	https://www.gazzettaufficiale.it/eli/id/2024/02/05/24G00023/sg
24G00022	2024-02-07	LEGGE	11	2024-02-02	MATCH			31	2024-02-08	https://www.gazzettaufficiale.it/eli/id/2024/02/07/24G00022/sg
24G00025	2024-02-17	LEGGE	12	2024-02-13	MATCH			40	2024-02-18	https://www.gazzettaufficiale.it/eli/id/2024/02/17/24G00025/sg
24G00026	2024-02-21	DECRETO_LEGISLATIVO	13	2024-02-12	MATCH			43	2024-02-22	https://www.gazzettaufficiale.it/eli/id/2024/02/21/24G00026/sg
24G00028	2024-02-22	LEGGE	14	2024-02-21	MATCH			44	2024-02-23	https://www.gazzettaufficiale.it/eli/id/2024/02/22/24G00028/sg
24G00027	2024-02-24	LEGGE	15	2024-02-21	MATCH			46	2024-03-10	https://www.gazzettaufficiale.it/eli/id/2024/02/24/24G00027/sg
24G00029	2024-02-26	LEGGE	16	2024-02-21	MATCH			47	2024-03-12	https://www.gazzettaufficiale.it/eli/id/2024/02/26/24G00029/sg
24G00030	2024-02-27	LEGGE	17	2024-02-22	MATCH			48	2024-02-28	https://www.gazzettaufficiale.it/eli/id/2024/02/27/24G00030/sg
24G00033	2024-02-28	LEGGE	18	2024-02-23	MATCH			49	2024-02-29	https://www.gazzettaufficiale.it/eli/id/2024/02/28/24G00033/sg
24G00035	2024-03-02	DECRETO-LEGGE	19	2024-03-02	MATCH			52	2024-03-02	https://www.gazzettaufficiale.it/eli/id/2024/03/02/24G00035/sg
24G00034	2024-03-05	DECRETO_LEGISLATIVO	20	2024-02-05	MATCH			54	2024-03-20	https://www.gazzettaufficiale.it/eli/id/2024/03/05/24G00034/sg
24G00041	2024-03-12	LEGGE	21	2024-03-05	MATCH			60	2024-03-27	https://www.gazzettaufficiale.it/eli/id/2024/03/12/24G00041/sg
24G00038	2024-03-13	LEGGE	22	2024-03-05	MATCH			61	2024-03-28	https://www.gazzettaufficiale.it/eli/id/2024/03/13/24G00038/sg
24G00039	2024-03-14	LEGGE	24	2024-02-28	MATCH			62	2024-03-29	https://www.gazzettaufficiale.it/eli/id/2024/03/14/24G00039/sg
24G00040	2024-03-15	DECRETO_LEGISLATIVO	26	2024-02-22	MATCH			63	2024-03-30	https://www.gazzettaufficiale.it/eli/id/2024/03/15/24G00040/sg
24G00043	2024-03-15	LEGGE	25	2024-03-04	MATCH			63	2024-03-30	https://www.gazzettaufficiale.it/eli/id/2024/03/15/24G00043/sg
24G00044	2024-03-16	LEGGE	27	2024-03-01	MATCH			64	2024-03-17	https://www.gazzettaufficiale.it/eli/id/2024/03/16/24G00044/sg
24G00045	2024-03-18	LEGGE	28	2024-03-15	MATCH			65	2024-03-19	https://www.gazzettaufficiale.it/eli/id/2024/03/18/24G00045/sg
24G00050	2024-03-18	DECRETO_LEGISLATIVO	29	2024-03-15	MATCH			65	2024-03-19	https://www.gazzettaufficiale.it/eli/id/2024/03/18/24G00050/sg
24G00047	2024-03-19	LEGGE	30	2024-03-13	MATCH			66	2024-03-20	https://www.gazzettaufficiale.it/eli/id/2024/03/19/24G00047/sg
24G00052	2024-03-20	DECRETO_LEGISLATIVO	31	2024-03-19	MATCH			67	2024-04-04	https://www.gazzettaufficiale.it/eli/id/2024/03/20/24G00052/sg
24G00051	2024-03-25	LEGGE	35	2024-03-12	MATCH			71	2024-03-26	https://www.gazzettaufficiale.it/eli/id/2024/03/25/24G00051/sg
24G00054	2024-03-26	LEGGE	36	2024-03-15	MATCH			72	2024-04-10	https://www.gazzettaufficiale.it/eli/id/2024/03/26/24G00054/sg
24G00053	2024-03-27	LEGGE	37	2024-03-08	MATCH			73	2024-03-28	https://www.gazzettaufficiale.it/eli/id/2024/03/27/24G00053/sg
24G00055	2024-03-28	LEGGE	38	2024-03-25	MATCH			74	2024-03-29	https://www.gazzettaufficiale.it/eli/id/2024/03/28/24G00055/sg
24G00059	2024-03-29	DECRETO-LEGGE	39	2024-03-29	MATCH			75	2024-03-30	https://www.gazzettaufficiale.it/eli/id/2024/03/29/24G00059/sg
24G00060	2024-04-03	DECRETO_LEGISLATIVO	41	2024-03-25	MATCH			78	2024-04-04	https://www.gazzettaufficiale.it/eli/id/2024/04/03/24G00060/sg
24G00057	2024-04-05	LEGGE	42	2024-03-27	MATCH			80	2024-04-06	https://www.gazzettaufficiale.it/eli/id/2024/04/05/24G00057/sg
24G00062	2024-04-06	DECRETO_LEGISLATIVO	44	2024-03-28	MATCH			81	2024-04-21	https://www.gazzettaufficiale.it/eli/id/2024/04/06/24G00062/sg
24G00063	2024-04-06	DECRETO_LEGISLATIVO	45	2024-03-28	MATCH			81	2024-04-21	https://www.gazzettaufficiale.it/eli/id/2024/04/06/24G00063/sg
24G00061	2024-04-08	DECRETO_LEGISLATIVO	46	2024-03-08	MATCH			82	2024-04-23	https://www.gazzettaufficiale.it/eli/id/2024/04/08/24G00061/sg
24G00064	2024-04-09	LEGGE	47	2024-03-25	MATCH			83	2024-04-10	https://www.gazzettaufficiale.it/eli/id/2024/04/09/24G00064/sg
24G00066	2024-04-13	DECRETO_LEGISLATIVO	48	2024-03-24	MATCH			87	2024-04-28	https://www.gazzettaufficiale.it/eli/id/2024/04/13/24G00066/sg
24G00067	2024-04-17	DECRETO_LEGISLATIVO	50	2024-03-25	MATCH			90	2024-05-02	https://www.gazzettaufficiale.it/eli/id/2024/04/17/24G00067/sg
24G00068	2024-04-18	LEGGE	51	2024-04-08	MATCH			91	2024-04-19	https://www.gazzettaufficiale.it/eli/id/2024/04/18/24G00068/sg
24G00070	2024-04-19	LEGGE	53	2024-04-08	MATCH			92	2024-04-20	https://www.gazzettaufficiale.it/eli/id/2024/04/19/24G00070/sg
24G00071	2024-04-20	LEGGE	54	2024-04-08	MATCH			93	2024-04-21	https://www.gazzettaufficiale.it/eli/id/2024/04/20/24G00071/sg
24G00072	2024-04-23	LEGGE	55	2024-04-15	MATCH			95	2024-05-08	https://www.gazzettaufficiale.it/eli/id/2024/04/23/24G00072/sg
24G00074	2024-04-30	LEGGE	56	2024-04-29	MATCH			100	2024-05-01	https://www.gazzettaufficiale.it/eli/id/2024/04/30/24G00074/sg
24G00075	2024-05-06	LEGGE	59	2024-04-19	MATCH			104	2024-05-21	https://www.gazzettaufficiale.it/eli/id/2024/05/06/24G00075/sg
24G00077	2024-05-07	DECRETO-LEGGE	60	2024-05-07	MATCH			105	2024-05-08	https://www.gazzettaufficiale.it/eli/id/2024/05/07/24G00077/sg
24G00078	2024-05-09	DECRETO-LEGGE	61	2024-05-09	MATCH			107	2024-05-10	https://www.gazzettaufficiale.it/eli/id/2024/05/09/24G00078/sg
24G00079	2024-05-14	DECRETO_LEGISLATIVO	62	2024-05-03	MATCH			111	2024-06-30	https://www.gazzettaufficiale.it/eli/id/2024/05/14/24G00079/sg
24G00081	2024-05-15	DECRETO-LEGGE	63	2024-05-15	MATCH			112	2024-05-16	https://www.gazzettaufficiale.it/eli/id/2024/05/15/24G00081/sg
24G00080	2024-05-16	DECRETO_LEGISLATIVO	64	2024-04-19	MATCH			113	2024-05-31	https://www.gazzettaufficiale.it/eli/id/2024/05/16/24G00080/sg
24G00082	2024-05-27	LEGGE	65	2024-05-14	MATCH			122	2024-05-28	https://www.gazzettaufficiale.it/eli/id/2024/05/27/24G00082/sg
24G00083	2024-05-27	LEGGE	66	2024-05-14	MATCH			122	2024-05-28	https://www.gazzettaufficiale.it/eli/id/2024/05/27/24G00083/sg
24G00085	2024-05-28	LEGGE	67	2024-05-23	MATCH			123	2024-05-29	https://www.gazzettaufficiale.it/eli/id/2024/05/28/24G00085/sg
24G00084	2024-05-29	LEGGE	68	2024-05-14	MATCH			124	2024-05-30	https://www.gazzettaufficiale.it/eli/id/2024/05/29/24G00084/sg
24G00088	2024-05-29	DECRETO-LEGGE	69	2024-05-29	MATCH			124	2024-05-30	https://www.gazzettaufficiale.it/eli/id/2024/05/29/24G00088/sg
24G00086	2024-05-30	LEGGE	70	2024-05-17	MATCH			125	2024-06-14	https://www.gazzettaufficiale.it/eli/id/2024/05/30/24G00086/sg
24G00089	2024-05-31	DECRETO-LEGGE	71	2024-05-31	MATCH			126	2024-06-01	https://www.gazzettaufficiale.it/eli/id/2024/05/31/24G00089/sg
24G00093	2024-06-07	DECRETO-LEGGE	73	2024-06-07	MATCH			132	2024-06-08	https://www.gazzettaufficiale.it/eli/id/2024/06/07/24G00093/sg
24G00095	2024-06-11	DECRETO-LEGGE	76	2024-06-11	MATCH			135	2024-06-11	https://www.gazzettaufficiale.it/eli/id/2024/06/11/24G00095/sg
24G00094	2024-06-17	LEGGE	79	2024-05-31	MATCH			140	2024-07-02	https://www.gazzettaufficiale.it/eli/id/2024/06/17/24G00094/sg
24G00096	2024-06-17	LEGGE	80	2024-05-31	MATCH			140	2024-07-02	https://www.gazzettaufficiale.it/eli/id/2024/06/17/24G00096/sg
24G00102	2024-06-25	DECRETO-LEGGE	84	2024-06-25	MATCH			147	2024-06-26	https://www.gazzettaufficiale.it/eli/id/2024/06/25/24G00102/sg
24G00103	2024-06-28	DECRETO_LEGISLATIVO	87	2024-06-14	MATCH			150	2024-06-29	https://www.gazzettaufficiale.it/eli/id/2024/06/28/24G00103/sg
24G00104	2024-06-28	LEGGE	86	2024-06-26	MATCH			150	2024-07-13	https://www.gazzettaufficiale.it/eli/id/2024/06/28/24G00104/sg
24G00106	2024-06-29	DECRETO-LEGGE	89	2024-06-29	MATCH			151	2024-06-30	https://www.gazzettaufficiale.it/eli/id/2024/06/29/24G00106/sg
24G00108	2024-07-02	LEGGE	90	2024-06-28	MATCH			153	2024-07-17	https://www.gazzettaufficiale.it/eli/id/2024/07/02/24G00108/sg
24G00109	2024-07-02	DECRETO-LEGGE	91	2024-07-02	MATCH			153	2024-07-03	https://www.gazzettaufficiale.it/eli/id/2024/07/02/24G00109/sg
24G00111	2024-07-04	DECRETO-LEGGE	92	2024-07-04	MATCH			155	2024-07-05	https://www.gazzettaufficiale.it/eli/id/2024/07/04/24G00111/sg
24G00113	2024-07-06	LEGGE	95	2024-07-04	MATCH			157	2024-07-07	https://www.gazzettaufficiale.it/eli/id/2024/07/06/24G00113/sg
24G00115	2024-07-08	LEGGE	96	2024-07-04	MATCH			158	2024-07-09	https://www.gazzettaufficiale.it/eli/id/2024/07/08/24G00115/sg
24G00117	2024-07-10	DECRETO_LEGISLATIVO	100	2024-07-09	MATCH			160	2024-07-11	https://www.gazzettaufficiale.it/eli/id/2024/07/10/24G00117/sg
24G00119	2024-07-13	LEGGE	101	2024-07-12	MATCH			163	2024-07-14	https://www.gazzettaufficiale.it/eli/id/2024/07/13/24G00119/sg
24G00118	2024-07-15	LEGGE	102	2024-07-04	MATCH			164	2024-07-30	https://www.gazzettaufficiale.it/eli/id/2024/07/15/24G00118/sg
24G00121	2024-07-18	DECRETO_LEGISLATIVO	103	2024-07-12	MATCH			167	2024-08-02	https://www.gazzettaufficiale.it/eli/id/2024/07/18/24G00121/sg
24G00120	2024-07-19	LEGGE	104	2024-07-04	MATCH			168	2024-08-03	https://www.gazzettaufficiale.it/eli/id/2024/07/19/24G00120/sg
24G00124	2024-07-27	LEGGE	105	2024-07-24	MATCH			175	2024-07-28	https://www.gazzettaufficiale.it/eli/id/2024/07/27/24G00124/sg
24G00123	2024-07-30	LEGGE	106	2024-07-29	MATCH			177	2024-07-31	https://www.gazzettaufficiale.it/eli/id/2024/07/30/24G00123/sg
24G00125	2024-07-31	LEGGE	107	2024-07-29	MATCH			178	2024-08-01	https://www.gazzettaufficiale.it/eli/id/2024/07/31/24G00125/sg
24G00127	2024-08-05	DECRETO_LEGISLATIVO	108	2024-08-05	MATCH			182	2024-08-06	https://www.gazzettaufficiale.it/eli/id/2024/08/05/24G00127/sg
24G00128	2024-08-07	DECRETO_LEGISLATIVO	110	2024-07-29	MATCH			184	2024-08-08	https://www.gazzettaufficiale.it/eli/id/2024/08/07/24G00128/sg
24G00130	2024-08-09	LEGGE	111	2024-08-08	MATCH			186	2024-08-10	https://www.gazzettaufficiale.it/eli/id/2024/08/09/24G00130/sg
24G00133	2024-08-09	LEGGE	112	2024-08-08	MATCH			186	2024-08-10	https://www.gazzettaufficiale.it/eli/id/2024/08/09/24G00133/sg
24G00136	2024-08-09	DECRETO-LEGGE	113	2024-08-09	MATCH			186	2024-08-10	https://www.gazzettaufficiale.it/eli/id/2024/08/09/24G00136/sg
24G00122	2024-08-10	LEGGE	114	2024-08-09	MATCH			187	2024-08-25	https://www.gazzettaufficiale.it/eli/id/2024/08/10/24G00122/sg
24G00129	2024-08-13	DECRETO_LEGISLATIVO	116	2024-07-30	MATCH			189	2024-08-14	https://www.gazzettaufficiale.it/eli/id/2024/08/13/24G00129/sg
24G00131	2024-08-13	LEGGE	115	2024-08-08	MATCH			189	2024-08-14	https://www.gazzettaufficiale.it/eli/id/2024/08/13/24G00131/sg
24G00134	2024-08-14	LEGGE	117	2024-08-08	MATCH			190	2024-08-29	https://www.gazzettaufficiale.it/eli/id/2024/08/14/24G00134/sg
24G00135	2024-08-14	LEGGE	118	2024-08-08	MATCH			190	2024-08-29	https://www.gazzettaufficiale.it/eli/id/2024/08/14/24G00135/sg
24G00137	2024-08-16	LEGGE	119	2024-08-08	MATCH			191	2024-08-17	https://www.gazzettaufficiale.it/eli/id/2024/08/16/24G00137/sg
24G00132	2024-08-20	LEGGE	120	2024-08-08	MATCH			194	2024-08-21	https://www.gazzettaufficiale.it/eli/id/2024/08/20/24G00132/sg
24G00139	2024-08-22	LEGGE	121	2024-08-08	MATCH			196	2024-09-06	https://www.gazzettaufficiale.it/eli/id/2024/08/22/24G00139/sg
24G00140	2024-08-23	LEGGE	122	2024-08-08	MATCH			197	2024-08-24	https://www.gazzettaufficiale.it/eli/id/2024/08/23/24G00140/sg
24G00145	2024-09-10	DECRETO_LEGISLATIVO	125	2024-09-06	MATCH			212	2024-09-25	https://www.gazzettaufficiale.it/eli/id/2024/09/10/24G00145/sg
24G00146	2024-09-12	DECRETO_LEGISLATIVO	128	2024-09-04	MATCH			214	2024-09-27	https://www.gazzettaufficiale.it/eli/id/2024/09/12/24G00146/sg
24G00147	2024-09-13	DECRETO_LEGISLATIVO	129	2024-09-05	MATCH			215	2024-09-14	https://www.gazzettaufficiale.it/eli/id/2024/09/13/24G00147/sg
24G00148	2024-09-14	LEGGE	130	2024-09-06	MATCH			216	2024-09-29	https://www.gazzettaufficiale.it/eli/id/2024/09/14/24G00148/sg
24G00149	2024-09-16	DECRETO-LEGGE	131	2024-09-16	MATCH			217	2024-09-17	https://www.gazzettaufficiale.it/eli/id/2024/09/16/24G00149/sg
24G00150	2024-09-23	DECRETO_LEGISLATIVO	134	2024-09-04	MATCH			223	2024-10-18	https://www.gazzettaufficiale.it/eli/id/2024/09/23/24G00150/sg
24G00153	2024-09-26	DECRETO_LEGISLATIVO	135	2024-09-04	MATCH			226	2024-10-11	https://www.gazzettaufficiale.it/eli/id/2024/09/26/24G00153/sg
24G00154	2024-09-27	DECRETO_LEGISLATIVO	136	2024-09-13	MATCH			227	2024-09-28	https://www.gazzettaufficiale.it/eli/id/2024/09/27/24G00154/sg
24G00155	2024-10-01	DECRETO_LEGISLATIVO	138	2024-09-04	MATCH			230	2024-10-16	https://www.gazzettaufficiale.it/eli/id/2024/10/01/24G00155/sg
24G00158	2024-10-01	DECRETO-LEGGE	137	2024-10-01	MATCH			230	2024-10-02	https://www.gazzettaufficiale.it/eli/id/2024/10/01/24G00158/sg
24G00157	2024-10-02	DECRETO_LEGISLATIVO	139	2024-09-18	MATCH			231	2024-10-03	https://www.gazzettaufficiale.it/eli/id/2024/10/02/24G00157/sg
24G00156	2024-10-03	DECRETO_LEGISLATIVO	141	2024-09-26	MATCH			232	2024-10-04	https://www.gazzettaufficiale.it/eli/id/2024/10/03/24G00156/sg
24G00160	2024-10-07	LEGGE	142	2024-09-24	MATCH			235	2024-10-22	https://www.gazzettaufficiale.it/eli/id/2024/10/07/24G00160/sg
24G00161	2024-10-08	LEGGE	143	2024-10-07	MATCH			236	2024-10-09	https://www.gazzettaufficiale.it/eli/id/2024/10/08/24G00161/sg
24G00167	2024-10-10	DECRETO_LEGISLATIVO	144	2024-10-07	MATCH			238	2024-10-25	https://www.gazzettaufficiale.it/eli/id/2024/10/10/24G00167/sg
24G00162	2024-10-11	DECRETO_LEGISLATIVO	146	2024-09-04	MATCH			239	2024-10-26	https://www.gazzettaufficiale.it/eli/id/2024/10/11/24G00162/sg
24G00171	2024-10-11	DECRETO-LEGGE	145	2024-10-11	MATCH			239	2024-10-11	https://www.gazzettaufficiale.it/eli/id/2024/10/11/24G00171/sg
24G00163	2024-10-14	DECRETO_LEGISLATIVO	147	2024-09-10	MATCH			241	2024-10-15	https://www.gazzettaufficiale.it/eli/id/2024/10/14/24G00163/sg
24G00164	2024-10-15	LEGGE	148	2024-09-30	MATCH			242	2024-10-16	https://www.gazzettaufficiale.it/eli/id/2024/10/15/24G00164/sg
24G00165	2024-10-16	LEGGE	149	2024-09-30	MATCH			243	2024-10-17	https://www.gazzettaufficiale.it/eli/id/2024/10/16/24G00165/sg
24G00168	2024-10-16	LEGGE	150	2024-10-01	MATCH			243	2024-10-31	https://www.gazzettaufficiale.it/eli/id/2024/10/16/24G00168/sg
24G00166	2024-10-17	LEGGE	151	2024-09-30	MATCH			244	2024-10-18	https://www.gazzettaufficiale.it/eli/id/2024/10/17/24G00166/sg
24G00169	2024-10-17	LEGGE	152	2024-10-07	MATCH			244	2024-11-01	https://www.gazzettaufficiale.it/eli/id/2024/10/17/24G00169/sg
24G00174	2024-10-17	DECRETO-LEGGE	153	2024-10-17	MATCH			244	2024-10-18	https://www.gazzettaufficiale.it/eli/id/2024/10/17/24G00174/sg
24G00175	2024-10-19	DECRETO-LEGGE	155	2024-10-19	MATCH			246	2024-10-20	https://www.gazzettaufficiale.it/eli/id/2024/10/19/24G00175/sg
24G00172	2024-10-21	DECRETO_LEGISLATIVO	156	2024-10-07	MATCH			247	2024-11-05	https://www.gazzettaufficiale.it/eli/id/2024/10/21/24G00172/sg
24G00173	2024-10-22	LEGGE	157	2024-09-30	MATCH			248	2024-10-23	https://www.gazzettaufficiale.it/eli/id/2024/10/22/24G00173/sg
24G00177	2024-10-23	DECRETO-LEGGE	158	2024-10-23	MATCH			249	2024-10-24	https://www.gazzettaufficiale.it/eli/id/2024/10/23/24G00177/sg
24G00178	2024-10-28	DECRETO-LEGGE	160	2024-10-28	MATCH			253	2024-10-29	https://www.gazzettaufficiale.it/eli/id/2024/10/28/24G00178/sg
24G00180	2024-11-07	LEGGE	162	2024-10-28	MATCH			261	2024-11-22	https://www.gazzettaufficiale.it/eli/id/2024/11/07/24G00180/sg
24G00182	2024-11-07	LEGGE	163	2024-11-06	MATCH			261	2024-11-08	https://www.gazzettaufficiale.it/eli/id/2024/11/07/24G00182/sg
24G00183	2024-11-11	DECRETO_LEGISLATIVO	164	2024-10-31	MATCH			264	2024-11-26	https://www.gazzettaufficiale.it/eli/id/2024/11/11/24G00183/sg
24G00181	2024-11-12	LEGGE	165	2024-10-23	MATCH			265	2024-11-27	https://www.gazzettaufficiale.it/eli/id/2024/11/12/24G00181/sg
24G00184	2024-11-14	LEGGE	166	2024-11-14	MATCH			267	2024-11-15	https://www.gazzettaufficiale.it/eli/id/2024/11/14/24G00184/sg
24G00188	2024-11-14	DECRETO-LEGGE	167	2024-11-14	MATCH			267	2024-11-14	https://www.gazzettaufficiale.it/eli/id/2024/11/14/24G00188/sg
24G00185	2024-11-16	LEGGE	168	2024-10-31	MATCH			269	2025-01-01	https://www.gazzettaufficiale.it/eli/id/2024/11/16/24G00185/sg
24G00186	2024-11-18	LEGGE	170	2024-11-05	MATCH			270	2024-11-19	https://www.gazzettaufficiale.it/eli/id/2024/11/18/24G00186/sg
24G00187	2024-11-18	LEGGE	169	2024-11-04	MATCH			270	2024-12-03	https://www.gazzettaufficiale.it/eli/id/2024/11/18/24G00187/sg
24G00190	2024-11-25	LEGGE	171	2024-11-18	MATCH			276	2024-11-26	https://www.gazzettaufficiale.it/eli/id/2024/11/25/24G00190/sg
24G00191	2024-11-28	DECRETO_LEGISLATIVO	173	2024-11-05	MATCH			279	2024-11-29	https://www.gazzettaufficiale.it/eli/id/2024/11/28/24G00191/sg
24G00192	2024-11-28	DECRETO_LEGISLATIVO	174	2024-11-05	MATCH			279	2024-11-29	https://www.gazzettaufficiale.it/eli/id/2024/11/28/24G00192/sg
24G00193	2024-11-28	DECRETO_LEGISLATIVO	175	2024-11-14	MATCH			279	2024-11-29	https://www.gazzettaufficiale.it/eli/id/2024/11/28/24G00193/sg
24G00194	2024-11-29	LEGGE	176	2024-11-18	MATCH			280	2024-12-14	https://www.gazzettaufficiale.it/eli/id/2024/11/29/24G00194/sg
24G00195	2024-11-29	DECRETO_LEGISLATIVO	179	2024-10-31	MATCH			280	2024-12-14	https://www.gazzettaufficiale.it/eli/id/2024/11/29/24G00195/sg
24G00199	2024-11-29	LEGGE	177	2024-11-25	MATCH			280	2024-12-14	https://www.gazzettaufficiale.it/eli/id/2024/11/29/24G00199/sg
24G00203	2024-11-29	DECRETO-LEGGE	178	2024-11-29	MATCH			280	2024-11-30	https://www.gazzettaufficiale.it/eli/id/2024/11/29/24G00203/sg
24G00196	2024-11-30	DECRETO_LEGISLATIVO	180	2024-11-13	MATCH			281	2024-12-15	https://www.gazzettaufficiale.it/eli/id/2024/11/30/24G00196/sg
24G00197	2024-12-02	DECRETO_LEGISLATIVO	181	2024-11-12	MATCH			282	2024-12-17	https://www.gazzettaufficiale.it/eli/id/2024/12/02/24G00197/sg
24G00198	2024-12-03	LEGGE	182	2024-11-18	MATCH			283	2024-12-04	https://www.gazzettaufficiale.it/eli/id/2024/12/03/24G00198/sg
24G00200	2024-12-04	LEGGE	183	2024-11-18	MATCH			284	2024-12-05	https://www.gazzettaufficiale.it/eli/id/2024/12/04/24G00200/sg
24G00201	2024-12-04	LEGGE	184	2024-11-18	MATCH			284	2024-12-05	https://www.gazzettaufficiale.it/eli/id/2024/12/04/24G00201/sg
24G00206	2024-12-10	LEGGE	187	2024-12-09	MATCH			289	2024-12-11	https://www.gazzettaufficiale.it/eli/id/2024/12/10/24G00206/sg
24G00207	2024-12-11	LEGGE	188	2024-11-28	MATCH			290	2024-12-26	https://www.gazzettaufficiale.it/eli/id/2024/12/11/24G00207/sg
24G00205	2024-12-12	DECRETO_LEGISLATIVO	190	2024-11-25	MATCH			291	2024-12-30	https://www.gazzettaufficiale.it/eli/id/2024/12/12/24G00205/sg
24G00208	2024-12-12	LEGGE	189	2024-12-09	MATCH			291	2024-12-13	https://www.gazzettaufficiale.it/eli/id/2024/12/12/24G00208/sg
24G00209	2024-12-16	LEGGE	191	2024-12-13	MATCH			294	2024-12-17	https://www.gazzettaufficiale.it/eli/id/2024/12/16/24G00209/sg
24G00214	2024-12-16	DECRETO_LEGISLATIVO	192	2024-12-13	MATCH			294	2024-12-31	https://www.gazzettaufficiale.it/eli/id/2024/12/16/24G00214/sg
24G00215	2024-12-17	LEGGE	193	2024-12-16	MATCH			295	2024-12-18	https://www.gazzettaufficiale.it/eli/id/2024/12/17/24G00215/sg
24G00211	2024-12-18	DECRETO_LEGISLATIVO	195	2024-12-02	MATCH			296	2024-12-19	https://www.gazzettaufficiale.it/eli/id/2024/12/18/24G00211/sg
24G00216	2024-12-23	DECRETO_LEGISLATIVO	198	2024-12-10	MATCH			300	2025-01-07	https://www.gazzettaufficiale.it/eli/id/2024/12/23/24G00216/sg
24G00217	2024-12-27	LEGGE	199	2024-12-20	MATCH			302	2024-12-28	https://www.gazzettaufficiale.it/eli/id/2024/12/27/24G00217/sg
24G00224	2024-12-27	DECRETO-LEGGE	201	2024-12-27	MATCH			302	2024-12-28	https://www.gazzettaufficiale.it/eli/id/2024/12/27/24G00224/sg
24G00225	2024-12-27	DECRETO-LEGGE	200	2024-12-27	MATCH			302	2024-12-28	https://www.gazzettaufficiale.it/eli/id/2024/12/27/24G00225/sg
24G00227	2024-12-27	DECRETO-LEGGE	202	2024-12-27	MATCH			302	2024-12-28	https://www.gazzettaufficiale.it/eli/id/2024/12/27/24G00227/sg
24G00218	2024-12-28	LEGGE	203	2024-12-13	MATCH			303	2025-01-12	https://www.gazzettaufficiale.it/eli/id/2024/12/28/24G00218/sg
24G00221	2024-12-28	DECRETO_LEGISLATIVO	204	2024-12-27	MATCH			303	2024-12-30	https://www.gazzettaufficiale.it/eli/id/2024/12/28/24G00221/sg
24G00229	2024-12-31	LEGGE	207	2024-12-30	MATCH			305	2025-01-01	https://www.gazzettaufficiale.it/eli/id/2024/12/31/24G00229/sg
24G00231	2024-12-31	DECRETO_LEGISLATIVO	209	2024-12-31	MATCH			305	2024-12-31	https://www.gazzettaufficiale.it/eli/id/2024/12/31/24G00231/sg
24G00232	2024-12-31	DECRETO-LEGGE	208	2024-12-31	MATCH			305	2024-12-31	https://www.gazzettaufficiale.it/eli/id/2024/12/31/24G00232/sg
24G00219	2025-01-02	LEGGE	210	2024-12-16	MATCH			1	2025-01-17	https://www.gazzettaufficiale.it/eli/id/2025/01/02/24G00219/sg
24G00222	2025-01-02	DECRETO_LEGISLATIVO	211	2024-12-10	MATCH			1	2025-01-17	https://www.gazzettaufficiale.it/eli/id/2025/01/02/24G00222/sg
25G00003	2025-01-10	DECRETO_LEGISLATIVO	216	2024-12-27	MATCH			7	2025-01-25	https://www.gazzettaufficiale.it/eli/id/2025/01/10/25G00003/sg
25G00002	2025-01-16	DECRETO_LEGISLATIVO	219	2024-12-27	MATCH			12	2025-01-31	https://www.gazzettaufficiale.it/eli/id/2025/01/16/25G00002/sg
25G00006	2025-01-16	DECRETO-LEGGE	1	2025-01-16	MATCH			12	2025-01-17	https://www.gazzettaufficiale.it/eli/id/2025/01/16/25G00006/sg
25G00007	2025-01-22	DECRETO_LEGISLATIVO	220	2024-12-27	MATCH			17	2025-02-06	https://www.gazzettaufficiale.it/eli/id/2025/01/22/25G00007/sg
25G00008	2025-01-24	LEGGE	2	2025-01-16	MATCH			19	2025-01-25	https://www.gazzettaufficiale.it/eli/id/2025/01/24/25G00008/sg
25G00009	2025-01-24	LEGGE	4	2025-01-23	MATCH			19	2025-01-25	https://www.gazzettaufficiale.it/eli/id/2025/01/24/25G00009/sg
25G00010	2025-01-24	DECRETO-LEGGE	3	2025-01-24	MATCH			19	2025-01-24	https://www.gazzettaufficiale.it/eli/id/2025/01/24/25G00010/sg
25G00013	2025-01-30	DECRETO-LEGGE	5	2025-01-30	MATCH			24	2025-01-31	https://www.gazzettaufficiale.it/eli/id/2025/01/30/25G00013/sg
25G00011	2025-01-31	LEGGE	6	2025-01-13	MATCH			25	2025-02-15	https://www.gazzettaufficiale.it/eli/id/2025/01/31/25G00011/sg
25G00014	2025-01-31	LEGGE	7	2025-01-31	MATCH			25	2025-02-01	https://www.gazzettaufficiale.it/eli/id/2025/01/31/25G00014/sg
25G00012	2025-02-03	DECRETO_LEGISLATIVO	8	2025-01-09	MATCH			27	2025-02-18	https://www.gazzettaufficiale.it/eli/id/2025/02/03/25G00012/sg
25G00018	2025-02-07	DECRETO_LEGISLATIVO	10	2025-02-06	MATCH			31	2025-02-08	https://www.gazzettaufficiale.it/eli/id/2025/02/07/25G00018/sg
25G00016	2025-02-11	LEGGE	11	2025-01-24	MATCH			34	2025-02-26	https://www.gazzettaufficiale.it/eli/id/2025/02/11/25G00016/sg
25G00026	2025-02-21	DECRETO_LEGISLATIVO	14	2025-02-19	MATCH			43	2025-03-08	https://www.gazzettaufficiale.it/eli/id/2025/02/21/25G00026/sg
25G00024	2025-02-24	LEGGE	15	2025-02-21	MATCH			45	2025-02-25	https://www.gazzettaufficiale.it/eli/id/2025/02/24/25G00024/sg
25G00023	2025-02-25	LEGGE	16	2025-02-21	MATCH			46	2025-02-26	https://www.gazzettaufficiale.it/eli/id/2025/02/25/25G00023/sg
25G00030	2025-02-28	DECRETO-LEGGE	19	2025-02-28	MATCH			49	2025-03-01	https://www.gazzettaufficiale.it/eli/id/2025/02/28/25G00030/sg
25G00028	2025-03-01	LEGGE	20	2025-02-28	MATCH			50	2025-03-02	https://www.gazzettaufficiale.it/eli/id/2025/03/01/25G00028/sg
25G00021	2025-03-04	LEGGE	21	2025-02-17	MATCH			52	2025-03-19	https://www.gazzettaufficiale.it/eli/id/2025/03/04/25G00021/sg
25G00029	2025-03-05	LEGGE	22	2025-02-19	MATCH			53	2025-03-20	https://www.gazzettaufficiale.it/eli/id/2025/03/05/25G00029/sg
25G00032	2025-03-11	DECRETO_LEGISLATIVO	23	2025-03-10	MATCH			58	2025-03-12	https://www.gazzettaufficiale.it/eli/id/2025/03/11/25G00032/sg
25G00033	2025-03-14	DECRETO-LEGGE	25	2025-03-14	MATCH			61	2025-03-15	https://www.gazzettaufficiale.it/eli/id/2025/03/14/25G00033/sg
25G00034	2025-03-18	LEGGE	26	2025-03-14	MATCH			64	2025-04-02	https://www.gazzettaufficiale.it/eli/id/2025/03/18/25G00034/sg
25G00039	2025-03-19	DECRETO-LEGGE	27	2025-03-19	MATCH			65	2025-03-20	https://www.gazzettaufficiale.it/eli/id/2025/03/19/25G00039/sg
25G00040	2025-03-20	LEGGE	28	2025-03-11	MATCH			66	2025-03-21	https://www.gazzettaufficiale.it/eli/id/2025/03/20/25G00040/sg
25G00038	2025-03-21	LEGGE	29	2025-03-11	MATCH			67	2025-03-22	https://www.gazzettaufficiale.it/eli/id/2025/03/21/25G00038/sg
25G00041	2025-03-24	LEGGE	31	2025-03-20	MATCH			69	2025-03-25	https://www.gazzettaufficiale.it/eli/id/2025/03/24/25G00041/sg
25G00036	2025-03-26	LEGGE	32	2025-03-11	MATCH			71	2025-03-27	https://www.gazzettaufficiale.it/eli/id/2025/03/26/25G00036/sg
25G00044	2025-03-26	DECRETO_LEGISLATIVO	33	2025-03-24	MATCH			71	2025-03-27	https://www.gazzettaufficiale.it/eli/id/2025/03/26/25G00044/sg
25G00037	2025-03-27	LEGGE	34	2025-03-11	MATCH			72	2025-03-28	https://www.gazzettaufficiale.it/eli/id/2025/03/27/25G00037/sg
25G00042	2025-03-28	LEGGE	35	2025-03-14	MATCH			73	2025-04-12	https://www.gazzettaufficiale.it/eli/id/2025/03/28/25G00042/sg
25G00049	2025-03-28	DECRETO-LEGGE	36	2025-03-28	MATCH			73	2025-03-29	https://www.gazzettaufficiale.it/eli/id/2025/03/28/25G00049/sg
25G00050	2025-03-28	DECRETO-LEGGE	37	2025-03-28	MATCH			73	2025-03-29	https://www.gazzettaufficiale.it/eli/id/2025/03/28/25G00050/sg
25G00043	2025-03-29	LEGGE	38	2025-03-11	MATCH			74	2025-03-30	https://www.gazzettaufficiale.it/eli/id/2025/03/29/25G00043/sg
25G00051	2025-03-31	DECRETO-LEGGE	39	2025-03-31	MATCH			75	2025-03-31	https://www.gazzettaufficiale.it/eli/id/2025/03/31/25G00051/sg
25G00047	2025-04-01	LEGGE	40	2025-03-18	MATCH			76	2025-04-02	https://www.gazzettaufficiale.it/eli/id/2025/04/01/25G00047/sg
25G00048	2025-04-03	LEGGE	41	2025-03-25	MATCH			78	2025-04-18	https://www.gazzettaufficiale.it/eli/id/2025/04/03/25G00048/sg
25G00052	2025-04-04	DECRETO_LEGISLATIVO	43	2025-03-28	MATCH			79	2025-04-05	https://www.gazzettaufficiale.it/eli/id/2025/04/04/25G00052/sg
25G00053	2025-04-04	LEGGE	42	2025-04-04	MATCH			79	2025-04-19	https://www.gazzettaufficiale.it/eli/id/2025/04/04/25G00053/sg
25G00057	2025-04-07	LEGGE	44	2025-04-04	MATCH			81	2025-04-22	https://www.gazzettaufficiale.it/eli/id/2025/04/07/25G00057/sg
25G00059	2025-04-07	DECRETO-LEGGE	45	2025-04-07	MATCH			81	2025-04-08	https://www.gazzettaufficiale.it/eli/id/2025/04/07/25G00059/sg
25G00054	2025-04-08	LEGGE	46	2025-03-25	MATCH			82	2025-04-23	https://www.gazzettaufficiale.it/eli/id/2025/04/08/25G00054/sg
25G00055	2025-04-09	LEGGE	47	2025-03-31	MATCH			83	2025-04-24	https://www.gazzettaufficiale.it/eli/id/2025/04/09/25G00055/sg
25G00060	2025-04-11	DECRETO-LEGGE	48	2025-04-11	MATCH			85	2025-04-12	https://www.gazzettaufficiale.it/eli/id/2025/04/11/25G00060/sg
25G00058	2025-04-12	LEGGE	49	2025-04-01	MATCH			86	2025-04-27	https://www.gazzettaufficiale.it/eli/id/2025/04/12/25G00058/sg
25G00061	2025-04-15	LEGGE	50	2025-04-15	MATCH			88	2025-04-30	https://www.gazzettaufficiale.it/eli/id/2025/04/15/25G00061/sg
25G00064	2025-04-16	LEGGE	51	2025-04-15	MATCH			89	2025-05-01	https://www.gazzettaufficiale.it/eli/id/2025/04/16/25G00064/sg
25G00066	2025-04-22	DECRETO-LEGGE	54	2025-04-22	MATCH			93	2025-04-22	https://www.gazzettaufficiale.it/eli/id/2025/04/22/25G00066/sg
25G00067	2025-04-23	DECRETO-LEGGE	55	2025-04-23	MATCH			94	2025-04-24	https://www.gazzettaufficiale.it/eli/id/2025/04/23/25G00067/sg
25G00056	2025-04-24	LEGGE	56	2025-04-07	MATCH			95	2025-05-09	https://www.gazzettaufficiale.it/eli/id/2025/04/24/25G00056/sg
25G00062	2025-04-28	LEGGE	58	2025-04-09	MATCH			97	2025-05-13	https://www.gazzettaufficiale.it/eli/id/2025/04/28/25G00062/sg
25G00063	2025-04-29	LEGGE	59	2025-04-15	MATCH			98	2025-05-14	https://www.gazzettaufficiale.it/eli/id/2025/04/29/25G00063/sg
25G00068	2025-04-29	LEGGE	60	2025-04-24	MATCH			98	2025-04-30	https://www.gazzettaufficiale.it/eli/id/2025/04/29/25G00068/sg
25G00069	2025-05-05	LEGGE	63	2025-04-15	MATCH			102	2025-05-06	https://www.gazzettaufficiale.it/eli/id/2025/05/05/25G00069/sg
25G00072	2025-05-07	LEGGE	64	2025-04-23	MATCH			104	2025-05-22	https://www.gazzettaufficiale.it/eli/id/2025/05/07/25G00072/sg
25G00075	2025-05-07	DECRETO-LEGGE	65	2025-05-07	MATCH			104	2025-05-08	https://www.gazzettaufficiale.it/eli/id/2025/05/07/25G00075/sg
25G00078	2025-05-12	DECRETO-LEGGE	68	2025-05-12	MATCH			108	2025-05-12	https://www.gazzettaufficiale.it/eli/id/2025/05/12/25G00078/sg
25G00076	2025-05-13	LEGGE	69	2025-05-09	MATCH			109	2025-05-14	https://www.gazzettaufficiale.it/eli/id/2025/05/13/25G00076/sg
25G00080	2025-05-16	DECRETO_LEGISLATIVO	71	2025-05-15	MATCH			112	2025-05-17	https://www.gazzettaufficiale.it/eli/id/2025/05/16/25G00080/sg
25G00079	2025-05-17	LEGGE	72	2025-05-15	MATCH			113	2025-05-18	https://www.gazzettaufficiale.it/eli/id/2025/05/17/25G00079/sg
25G00084	2025-05-21	DECRETO-LEGGE	73	2025-05-21	MATCH			116	2025-05-21	https://www.gazzettaufficiale.it/eli/id/2025/05/21/25G00084/sg
25G00082	2025-05-23	LEGGE	74	2025-05-23	MATCH			118	2025-05-24	https://www.gazzettaufficiale.it/eli/id/2025/05/23/25G00082/sg
25G00083	2025-05-23	LEGGE	75	2025-05-23	MATCH			118	2025-05-24	https://www.gazzettaufficiale.it/eli/id/2025/05/23/25G00083/sg
25G00081	2025-05-26	LEGGE	76	2025-05-15	MATCH			120	2025-06-10	https://www.gazzettaufficiale.it/eli/id/2025/05/26/25G00081/sg
25G00085	2025-05-28	DECRETO_LEGISLATIVO	77	2025-05-21	MATCH			122	2025-05-29	https://www.gazzettaufficiale.it/eli/id/2025/05/28/25G00085/sg
25G00086	2025-05-30	LEGGE	78	2025-05-27	MATCH			124	2025-05-31	https://www.gazzettaufficiale.it/eli/id/2025/05/30/25G00086/sg
25G00087	2025-06-06	LEGGE	79	2025-06-05	MATCH			129	2025-06-07	https://www.gazzettaufficiale.it/eli/id/2025/06/06/25G00087/sg
25G00088	2025-06-09	LEGGE	80	2025-06-09	MATCH			131	2025-06-10	https://www.gazzettaufficiale.it/eli/id/2025/06/09/25G00088/sg
25G00090	2025-06-12	DECRETO_LEGISLATIVO	81	2025-06-12	MATCH			134	2025-06-13	https://www.gazzettaufficiale.it/eli/id/2025/06/12/25G00090/sg
25G00089	2025-06-16	LEGGE	82	2025-06-06	MATCH			137	2025-07-01	https://www.gazzettaufficiale.it/eli/id/2025/06/16/25G00089/sg
25G00091	2025-06-16	LEGGE	83	2025-06-13	MATCH			137	2025-06-17	https://www.gazzettaufficiale.it/eli/id/2025/06/16/25G00091/sg
25G00092	2025-06-17	DECRETO-LEGGE	84	2025-06-17	MATCH			138	2025-06-18	https://www.gazzettaufficiale.it/eli/id/2025/06/17/25G00092/sg
25G00094	2025-06-21	LEGGE	86	2025-06-19	MATCH			142	2025-06-22	https://www.gazzettaufficiale.it/eli/id/2025/06/21/25G00094/sg
25G00093	2025-06-23	LEGGE	87	2025-06-06	MATCH			143	2025-07-08	https://www.gazzettaufficiale.it/eli/id/2025/06/23/25G00093/sg
25G00099	2025-06-23	DECRETO_LEGISLATIVO	88	2025-06-19	MATCH			143	2025-07-08	https://www.gazzettaufficiale.it/eli/id/2025/06/23/25G00099/sg
25G00095	2025-06-24	LEGGE	89	2025-06-13	MATCH			144	2025-06-25	https://www.gazzettaufficiale.it/eli/id/2025/06/24/25G00095/sg
25G00102	2025-06-24	DECRETO-LEGGE	90	2025-06-24	MATCH			144	2025-06-25	https://www.gazzettaufficiale.it/eli/id/2025/06/24/25G00102/sg
25G00097	2025-06-25	LEGGE	91	2025-06-13	MATCH			145	2025-07-10	https://www.gazzettaufficiale.it/eli/id/2025/06/25/25G00097/sg
25G00105	2025-06-26	DECRETO-LEGGE	92	2025-06-26	MATCH			146	2025-06-27	https://www.gazzettaufficiale.it/eli/id/2025/06/26/25G00105/sg
25G00103	2025-06-27	DECRETO_LEGISLATIVO	93	2025-04-30	MATCH			147	2025-07-12	https://www.gazzettaufficiale.it/eli/id/2025/06/27/25G00103/sg
25G00101	2025-06-30	DECRETO_LEGISLATIVO	97	2025-06-12	MATCH			149	2025-07-15	https://www.gazzettaufficiale.it/eli/id/2025/06/30/25G00101/sg
25G00107	2025-06-30	DECRETO-LEGGE	95	2025-06-30	MATCH			149	2025-07-01	https://www.gazzettaufficiale.it/eli/id/2025/06/30/25G00107/sg
25G00108	2025-06-30	DECRETO-LEGGE	96	2025-06-30	MATCH			149	2025-07-01	https://www.gazzettaufficiale.it/eli/id/2025/06/30/25G00108/sg
25G00100	2025-07-01	DECRETO_LEGISLATIVO	99	2025-06-12	MATCH			150	2025-07-16	https://www.gazzettaufficiale.it/eli/id/2025/07/01/25G00100/sg
25G00104	2025-07-01	LEGGE	98	2025-06-23	MATCH			150	2025-07-02	https://www.gazzettaufficiale.it/eli/id/2025/07/01/25G00104/sg
25G00106	2025-07-04	DECRETO_LEGISLATIVO	102	2025-06-19	MATCH			153	2025-07-19	https://www.gazzettaufficiale.it/eli/id/2025/07/04/25G00106/sg
25G00111	2025-07-04	LEGGE	100	2025-07-02	MATCH			153	2025-07-05	https://www.gazzettaufficiale.it/eli/id/2025/07/04/25G00111/sg
25G00112	2025-07-04	LEGGE	101	2025-07-04	MATCH			153	2025-07-05	https://www.gazzettaufficiale.it/eli/id/2025/07/04/25G00112/sg
25G00110	2025-07-10	LEGGE	104	2025-06-23	MATCH			158	2025-07-11	https://www.gazzettaufficiale.it/eli/id/2025/07/10/25G00110/sg
25G00113	2025-07-19	LEGGE	105	2025-07-18	MATCH			166	2025-07-20	https://www.gazzettaufficiale.it/eli/id/2025/07/19/25G00113/sg
25G00114	2025-07-25	LEGGE	106	2025-07-18	MATCH			171	2025-08-09	https://www.gazzettaufficiale.it/eli/id/2025/07/25/25G00114/sg
25G00115	2025-07-29	LEGGE	107	2025-07-18	MATCH			174	2025-07-30	https://www.gazzettaufficiale.it/eli/id/2025/07/29/25G00115/sg
25G00120	2025-08-01	LEGGE	109	2025-07-30	MATCH			177	2025-08-02	https://www.gazzettaufficiale.it/eli/id/2025/08/01/25G00120/sg
25G00121	2025-08-01	LEGGE	108	2025-07-30	MATCH			177	2025-08-02	https://www.gazzettaufficiale.it/eli/id/2025/08/01/25G00121/sg
25G00122	2025-08-01	DECRETO-LEGGE	110	2025-08-01	MATCH			177	2025-08-02	https://www.gazzettaufficiale.it/eli/id/2025/08/01/25G00122/sg
25G00117	2025-08-04	DECRETO_LEGISLATIVO	112	2025-07-10	MATCH			179	2025-08-19	https://www.gazzettaufficiale.it/eli/id/2025/08/04/25G00117/sg
25G00118	2025-08-05	DECRETO_LEGISLATIVO	114	2025-07-10	MATCH			180	2025-08-20	https://www.gazzettaufficiale.it/eli/id/2025/08/05/25G00118/sg
25G00123	2025-08-05	LEGGE	113	2025-08-01	MATCH			180	2025-08-06	https://www.gazzettaufficiale.it/eli/id/2025/08/05/25G00123/sg
25G00128	2025-08-08	DECRETO-LEGGE	116	2025-08-08	MATCH			183	2025-08-09	https://www.gazzettaufficiale.it/eli/id/2025/08/08/25G00128/sg
25G00131	2025-08-08	DECRETO-LEGGE	117	2025-08-08	MATCH			183	2025-08-09	https://www.gazzettaufficiale.it/eli/id/2025/08/08/25G00131/sg
25G00125	2025-08-09	LEGGE	120	2025-08-08	MATCH			184	2025-08-24	https://www.gazzettaufficiale.it/eli/id/2025/08/09/25G00125/sg
25G00126	2025-08-09	LEGGE	118	2025-08-08	MATCH			184	2025-08-10	https://www.gazzettaufficiale.it/eli/id/2025/08/09/25G00126/sg
25G00127	2025-08-09	LEGGE	119	2025-08-08	MATCH			184	2025-08-10	https://www.gazzettaufficiale.it/eli/id/2025/08/09/25G00127/sg
25G00129	2025-08-09	LEGGE	121	2025-08-08	MATCH			184	2025-08-10	https://www.gazzettaufficiale.it/eli/id/2025/08/09/25G00129/sg
25G00130	2025-08-09	LEGGE	122	2025-08-08	MATCH			184	2025-08-24	https://www.gazzettaufficiale.it/eli/id/2025/08/09/25G00130/sg
25G00124	2025-08-12	DECRETO_LEGISLATIVO	123	2025-08-01	MATCH			186	2025-08-13	https://www.gazzettaufficiale.it/eli/id/2025/08/12/25G00124/sg
25G00134	2025-08-29	DECRETO_LEGISLATIVO	126	2025-08-08	MATCH			200	2025-08-30	https://www.gazzettaufficiale.it/eli/id/2025/08/29/25G00134/sg
25G00135	2025-09-09	DECRETO-LEGGE	127	2025-09-09	MATCH			209	2025-09-10	https://www.gazzettaufficiale.it/eli/id/2025/09/09/25G00135/sg
25G00139	2025-09-19	LEGGE	131	2025-09-12	MATCH			218	2025-09-20	https://www.gazzettaufficiale.it/eli/id/2025/09/19/25G00139/sg
25G00143	2025-09-25	LEGGE	132	2025-09-23	MATCH			223	2025-10-10	https://www.gazzettaufficiale.it/eli/id/2025/09/25/25G00143/sg
25G00144	2025-09-25	LEGGE	133	2025-09-24	MATCH			223	2025-09-26	https://www.gazzettaufficiale.it/eli/id/2025/09/25/25G00144/sg
25G00142	2025-09-26	LEGGE	136	2025-09-17	MATCH			224	2025-09-27	https://www.gazzettaufficiale.it/eli/id/2025/09/26/25G00142/sg
25G00145	2025-09-30	DECRETO_LEGISLATIVO	138	2025-09-12	MATCH			227	2025-10-15	https://www.gazzettaufficiale.it/eli/id/2025/09/30/25G00145/sg
25G00146	2025-09-30	LEGGE	137	2025-09-17	MATCH			227	2025-10-01	https://www.gazzettaufficiale.it/eli/id/2025/09/30/25G00146/sg
25G00147	2025-10-01	LEGGE	139	2025-09-17	MATCH			228	2025-10-02	https://www.gazzettaufficiale.it/eli/id/2025/10/01/25G00147/sg
25G00148	2025-10-02	LEGGE	140	2025-09-18	MATCH			229	2025-10-03	https://www.gazzettaufficiale.it/eli/id/2025/10/02/25G00148/sg
25G00150	2025-10-02	LEGGE	141	2025-09-26	MATCH			229	2025-10-17	https://www.gazzettaufficiale.it/eli/id/2025/10/02/25G00150/sg
25G00151	2025-10-02	LEGGE	142	2025-09-26	MATCH			229	2025-10-17	https://www.gazzettaufficiale.it/eli/id/2025/10/02/25G00151/sg
25G00149	2025-10-03	LEGGE	143	2025-09-18	MATCH			230	2025-10-04	https://www.gazzettaufficiale.it/eli/id/2025/10/03/25G00149/sg
25G00152	2025-10-03	LEGGE	144	2025-09-26	MATCH			230	2025-10-18	https://www.gazzettaufficiale.it/eli/id/2025/10/03/25G00152/sg
25G00156	2025-10-03	DECRETO-LEGGE	145	2025-10-03	MATCH			230	2025-10-04	https://www.gazzettaufficiale.it/eli/id/2025/10/03/25G00156/sg
25G00157	2025-10-03	DECRETO-LEGGE	146	2025-10-03	MATCH			230	2025-10-04	https://www.gazzettaufficiale.it/eli/id/2025/10/03/25G00157/sg
25G00154	2025-10-07	LEGGE	147	2025-10-03	MATCH			233	2025-10-08	https://www.gazzettaufficiale.it/eli/id/2025/10/07/25G00154/sg
25G00155	2025-10-07	LEGGE	148	2025-10-03	MATCH			233	2025-10-08	https://www.gazzettaufficiale.it/eli/id/2025/10/07/25G00155/sg
25G00158	2025-10-09	LEGGE	149	2025-10-03	MATCH			235	2025-10-24	https://www.gazzettaufficiale.it/eli/id/2025/10/09/25G00158/sg
25G00159	2025-10-09	LEGGE	150	2025-10-03	MATCH			235	2025-10-24	https://www.gazzettaufficiale.it/eli/id/2025/10/09/25G00159/sg
25G00153	2025-10-10	LEGGE	151	2025-10-08	MATCH			236	2026-01-01	https://www.gazzettaufficiale.it/eli/id/2025/10/10/25G00153/sg
25G00161	2025-10-27	LEGGE	153	2025-10-16	MATCH			250	2025-10-28	https://www.gazzettaufficiale.it/eli/id/2025/10/27/25G00161/sg
25G00162	2025-10-28	LEGGE	154	2025-10-16	MATCH			251	2025-10-29	https://www.gazzettaufficiale.it/eli/id/2025/10/28/25G00162/sg
25G00163	2025-10-29	LEGGE	155	2025-10-16	MATCH			252	2025-10-30	https://www.gazzettaufficiale.it/eli/id/2025/10/29/25G00163/sg
25G00169	2025-10-29	DECRETO-LEGGE	156	2025-10-29	MATCH			252	2025-10-30	https://www.gazzettaufficiale.it/eli/id/2025/10/29/25G00169/sg
25G00164	2025-10-30	LEGGE	157	2025-10-16	MATCH			253	2025-10-31	https://www.gazzettaufficiale.it/eli/id/2025/10/30/25G00164/sg
25G00165	2025-10-31	LEGGE	158	2025-10-16	MATCH			254	2025-11-01	https://www.gazzettaufficiale.it/eli/id/2025/10/31/25G00165/sg
25G00172	2025-10-31	DECRETO-LEGGE	159	2025-10-31	MATCH			254	2025-10-31	https://www.gazzettaufficiale.it/eli/id/2025/10/31/25G00172/sg
25G00166	2025-11-03	LEGGE	161	2025-10-22	MATCH			255	2025-11-04	https://www.gazzettaufficiale.it/eli/id/2025/11/03/25G00166/sg
25G00170	2025-11-04	LEGGE	162	2025-10-22	MATCH			256	2025-11-05	https://www.gazzettaufficiale.it/eli/id/2025/11/04/25G00170/sg
25G00171	2025-11-05	LEGGE	163	2025-10-22	MATCH			257	2025-11-06	https://www.gazzettaufficiale.it/eli/id/2025/11/05/25G00171/sg
25G00173	2025-11-05	LEGGE	164	2025-10-30	MATCH			257	2025-11-06	https://www.gazzettaufficiale.it/eli/id/2025/11/05/25G00173/sg
25G00176	2025-11-12	LEGGE	165	2025-11-06	MATCH			263	2025-11-13	https://www.gazzettaufficiale.it/eli/id/2025/11/12/25G00176/sg
25G00174	2025-11-14	LEGGE	167	2025-11-10	MATCH			265	2025-11-29	https://www.gazzettaufficiale.it/eli/id/2025/11/14/25G00174/sg
25G00175	2025-11-14	LEGGE	166	2025-10-30	MATCH			265	2025-11-15	https://www.gazzettaufficiale.it/eli/id/2025/11/14/25G00175/sg
25G00177	2025-11-17	LEGGE	168	2025-11-10	MATCH			267	2025-12-02	https://www.gazzettaufficiale.it/eli/id/2025/11/17/25G00177/sg
25G00178	2025-11-18	DECRETO_LEGISLATIVO	169	2025-11-06	MATCH			268	2025-12-03	https://www.gazzettaufficiale.it/eli/id/2025/11/18/25G00178/sg
25G00180	2025-11-19	LEGGE	171	2025-11-18	MATCH			269	2025-11-20	https://www.gazzettaufficiale.it/eli/id/2025/11/19/25G00180/sg
25G00181	2025-11-19	LEGGE	170	2025-11-17	MATCH			269	2025-11-20	https://www.gazzettaufficiale.it/eli/id/2025/11/19/25G00181/sg
25G00179	2025-11-20	DECRETO_LEGISLATIVO	174	2025-11-03	MATCH			270	2025-12-05	https://www.gazzettaufficiale.it/eli/id/2025/11/20/25G00179/sg
25G00182	2025-11-20	LEGGE	173	2025-11-18	MATCH			270	2025-11-21	https://www.gazzettaufficiale.it/eli/id/2025/11/20/25G00182/sg
25G00185	2025-11-21	DECRETO-LEGGE	175	2025-11-21	MATCH			271	2025-11-22	https://www.gazzettaufficiale.it/eli/id/2025/11/21/25G00185/sg
25G00183	2025-11-26	LEGGE	177	2025-11-13	MATCH			275	2025-12-11	https://www.gazzettaufficiale.it/eli/id/2025/11/26/25G00183/sg
25G00186	2025-11-26	DECRETO_LEGISLATIVO	178	2025-11-26	MATCH			275	2025-12-11	https://www.gazzettaufficiale.it/eli/id/2025/11/26/25G00186/sg
25G00188	2025-12-01	DECRETO-LEGGE	180	2025-12-01	MATCH			279	2025-12-02	https://www.gazzettaufficiale.it/eli/id/2025/12/01/25G00188/sg
25G00189	2025-12-01	LEGGE	179	2025-12-01	MATCH			279	2025-12-02	https://www.gazzettaufficiale.it/eli/id/2025/12/01/25G00189/sg
25G00187	2025-12-02	LEGGE	181	2025-12-02	MATCH			280	2025-12-17	https://www.gazzettaufficiale.it/eli/id/2025/12/02/25G00187/sg
25G00190	2025-12-03	LEGGE	182	2025-12-02	MATCH			281	2025-12-18	https://www.gazzettaufficiale.it/eli/id/2025/12/03/25G00190/sg
25G00191	2025-12-04	DECRETO_LEGISLATIVO	183	2025-12-02	MATCH			282	2025-12-19	https://www.gazzettaufficiale.it/eli/id/2025/12/04/25G00191/sg
25G00192	2025-12-10	DECRETO_LEGISLATIVO	184	2025-11-27	MATCH			286	2026-01-01	https://www.gazzettaufficiale.it/eli/id/2025/12/10/25G00192/sg
25G00193	2025-12-11	DECRETO_LEGISLATIVO	185	2025-12-04	MATCH			287	2025-12-12	https://www.gazzettaufficiale.it/eli/id/2025/12/11/25G00193/sg
25G00194	2025-12-12	DECRETO_LEGISLATIVO	186	2025-12-04	MATCH			288	2025-12-13	https://www.gazzettaufficiale.it/eli/id/2025/12/12/25G00194/sg
25G00196	2025-12-16	DECRETO_LEGISLATIVO	187	2025-12-10	MATCH			291	2025-12-31	https://www.gazzettaufficiale.it/eli/id/2025/12/16/25G00196/sg
25G00198	2025-12-19	LEGGE	190	2025-12-18	MATCH			294	2026-01-03	https://www.gazzettaufficiale.it/eli/id/2025/12/19/25G00198/sg
25G00200	2025-12-19	LEGGE	191	2025-12-18	MATCH			294	2025-12-20	https://www.gazzettaufficiale.it/eli/id/2025/12/19/25G00200/sg
25G00202	2025-12-19	DECRETO_LEGISLATIVO	192	2025-12-18	MATCH			294	2025-12-20	https://www.gazzettaufficiale.it/eli/id/2025/12/19/25G00202/sg
25G00201	2025-12-22	DECRETO_LEGISLATIVO	194	2025-12-10	MATCH			296	2026-01-06	https://www.gazzettaufficiale.it/eli/id/2025/12/22/25G00201/sg
25G00210	2025-12-27	DECRETO-LEGGE	196	2025-12-27	MATCH			299	2025-12-28	https://www.gazzettaufficiale.it/eli/id/2025/12/27/25G00210/sg
25G00203	2025-12-30	LEGGE	198	2025-12-29	MATCH			301	2025-12-31	https://www.gazzettaufficiale.it/eli/id/2025/12/30/25G00203/sg
25G00212	2025-12-30	LEGGE	199	2025-12-30	MATCH			301	2026-01-01	https://www.gazzettaufficiale.it/eli/id/2025/12/30/25G00212/sg
25G00213	2025-12-31	DECRETO-LEGGE	200	2025-12-31	MATCH			302	2025-12-31	https://www.gazzettaufficiale.it/eli/id/2025/12/31/25G00213/sg
25G00214	2025-12-31	DECRETO-LEGGE	201	2025-12-31	MATCH			302	2025-12-31	https://www.gazzettaufficiale.it/eli/id/2025/12/31/25G00214/sg
26G00001	2026-01-05	DECRETO_LEGISLATIVO	207	2025-12-30	MATCH			3	2026-01-06	https://www.gazzettaufficiale.it/eli/id/2026/01/05/26G00001/sg
25G00211	2026-01-07	LEGGE	1	2026-01-07	MATCH			4	2026-01-22	https://www.gazzettaufficiale.it/eli/id/2026/01/07/25G00211/sg
26G00002	2026-01-08	DECRETO_LEGISLATIVO	209	2025-12-31	MATCH			5	2026-01-23	https://www.gazzettaufficiale.it/eli/id/2026/01/08/26G00002/sg
26G00006	2026-01-08	DECRETO_LEGISLATIVO	208	2025-12-31	MATCH			5	2026-01-09	https://www.gazzettaufficiale.it/eli/id/2026/01/08/26G00006/sg
26G00007	2026-01-08	DECRETO_LEGISLATIVO	210	2025-12-31	MATCH			5	2026-01-09	https://www.gazzettaufficiale.it/eli/id/2026/01/08/26G00007/sg
26G00003	2026-01-09	DECRETO_LEGISLATIVO	211	2025-12-30	MATCH			6	2026-01-24	https://www.gazzettaufficiale.it/eli/id/2026/01/09/26G00003/sg
26G00008	2026-01-09	DECRETO_LEGISLATIVO	213	2025-12-31	MATCH			6	2026-01-24	https://www.gazzettaufficiale.it/eli/id/2026/01/09/26G00008/sg
26G00009	2026-01-09	DECRETO_LEGISLATIVO	212	2025-12-31	MATCH			6	2026-01-10	https://www.gazzettaufficiale.it/eli/id/2026/01/09/26G00009/sg
26G00010	2026-01-09	DECRETO_LEGISLATIVO	2	2026-01-07	MATCH			6	2026-01-24	https://www.gazzettaufficiale.it/eli/id/2026/01/09/26G00010/sg
26G00011	2026-01-09	DECRETO_LEGISLATIVO	3	2026-01-07	MATCH			6	2026-01-24	https://www.gazzettaufficiale.it/eli/id/2026/01/09/26G00011/sg
26G00004	2026-01-15	DECRETO_LEGISLATIVO	215	2025-12-30	MATCH			11	2026-01-30	https://www.gazzettaufficiale.it/eli/id/2026/01/15/26G00004/sg
26G00005	2026-01-15	DECRETO_LEGISLATIVO	216	2025-12-30	MATCH			11	2026-01-30	https://www.gazzettaufficiale.it/eli/id/2026/01/15/26G00005/sg
26G00013	2026-01-19	LEGGE	217	2025-12-29	MATCH			14	2026-01-20	https://www.gazzettaufficiale.it/eli/id/2026/01/19/26G00013/sg
26G00016	2026-01-20	LEGGE	4	2026-01-15	MATCH			15	2026-01-21	https://www.gazzettaufficiale.it/eli/id/2026/01/20/26G00016/sg
26G00018	2026-01-20	DECRETO_LEGISLATIVO	5	2026-01-09	MATCH			15	2026-02-04	https://www.gazzettaufficiale.it/eli/id/2026/01/20/26G00018/sg
26G00017	2026-01-23	LEGGE	6	2026-01-13	MATCH			18	2026-01-24	https://www.gazzettaufficiale.it/eli/id/2026/01/23/26G00017/sg
26G00020	2026-01-26	LEGGE	7	2026-01-13	MATCH			20	2026-01-27	https://www.gazzettaufficiale.it/eli/id/2026/01/26/26G00020/sg
26G00023	2026-01-27	LEGGE	8	2026-01-22	MATCH			21	2026-01-28	https://www.gazzettaufficiale.it/eli/id/2026/01/27/26G00023/sg
26G00024	2026-01-27	LEGGE	9	2026-01-26	MATCH			21	2026-02-11	https://www.gazzettaufficiale.it/eli/id/2026/01/27/26G00024/sg
26G00022	2026-01-30	DECRETO_LEGISLATIVO	10	2026-01-19	MATCH			24	2026-01-31	https://www.gazzettaufficiale.it/eli/id/2026/01/30/26G00022/sg
26G00025	2026-02-04	LEGGE	11	2026-01-19	MATCH			28	2026-02-19	https://www.gazzettaufficiale.it/eli/id/2026/02/04/26G00025/sg
26G00026	2026-02-05	LEGGE	14	2026-01-26	MATCH			29	2026-02-20	https://www.gazzettaufficiale.it/eli/id/2026/02/05/26G00026/sg
26G00031	2026-02-05	LEGGE	13	2026-01-14	MATCH			29	2026-02-06	https://www.gazzettaufficiale.it/eli/id/2026/02/05/26G00031/sg
26G00032	2026-02-10	LEGGE	16	2026-01-22	MATCH			33	2026-02-25	https://www.gazzettaufficiale.it/eli/id/2026/02/10/26G00032/sg
26G00033	2026-02-12	DECRETO_LEGISLATIVO	17	2026-02-03	MATCH			35	2026-02-27	https://www.gazzettaufficiale.it/eli/id/2026/02/12/26G00033/sg
26G00036	2026-02-13	LEGGE	18	2026-02-13	MATCH			36	2026-02-14	https://www.gazzettaufficiale.it/eli/id/2026/02/13/26G00036/sg
26G00039	2026-02-19	DECRETO-LEGGE	19	2026-02-19	MATCH			41	2026-02-20	https://www.gazzettaufficiale.it/eli/id/2026/02/19/26G00039/sg
26G00038	2026-02-20	DECRETO_LEGISLATIVO	22	2026-02-09	MATCH			42	2026-03-07	https://www.gazzettaufficiale.it/eli/id/2026/02/20/26G00038/sg
26G00041	2026-02-20	DECRETO-LEGGE	21	2026-02-20	MATCH			42	2026-02-21	https://www.gazzettaufficiale.it/eli/id/2026/02/20/26G00041/sg
26G00042	2026-02-24	DECRETO-LEGGE	23	2026-02-24	MATCH			45	2026-02-25	https://www.gazzettaufficiale.it/eli/id/2026/02/24/26G00042/sg
26G00040	2026-02-25	LEGGE	24	2026-02-13	MATCH			46	2026-02-26	https://www.gazzettaufficiale.it/eli/id/2026/02/25/26G00040/sg
26G00045	2026-02-27	DECRETO-LEGGE	25	2026-02-27	MATCH			48	2026-02-27	https://www.gazzettaufficiale.it/eli/id/2026/02/27/26G00045/sg
26G00043	2026-02-28	LEGGE	27	2026-02-27	MATCH			49	2026-03-01	https://www.gazzettaufficiale.it/eli/id/2026/02/28/26G00043/sg
26G00044	2026-02-28	LEGGE	26	2026-02-27	MATCH			49	2026-03-01	https://www.gazzettaufficiale.it/eli/id/2026/02/28/26G00044/sg
26G00035	2026-03-05	DECRETO_LEGISLATIVO	28	2026-02-09	MATCH			53	2026-03-06	https://www.gazzettaufficiale.it/eli/id/2026/03/05/26G00035/sg
26G00046	2026-03-06	DECRETO_LEGISLATIVO	29	2026-02-10	MATCH			54	2026-03-07	https://www.gazzettaufficiale.it/eli/id/2026/03/06/26G00046/sg
26G00047	2026-03-09	DECRETO_LEGISLATIVO	30	2026-02-20	MATCH			56	2026-03-24	https://www.gazzettaufficiale.it/eli/id/2026/03/09/26G00047/sg
26G00048	2026-03-11	LEGGE	31	2026-02-27	MATCH			58	2026-03-11	https://www.gazzettaufficiale.it/eli/id/2026/03/11/26G00048/sg
26G00049	2026-03-11	DECRETO-LEGGE	32	2026-03-11	MATCH			58	2026-03-12	https://www.gazzettaufficiale.it/eli/id/2026/03/11/26G00049/sg
26G00052	2026-03-18	DECRETO-LEGGE	33	2026-03-18	MATCH			64	2026-03-19	https://www.gazzettaufficiale.it/eli/id/2026/03/18/26G00052/sg
26G00050	2026-03-23	LEGGE	34	2026-03-11	MATCH			68	2026-04-07	https://www.gazzettaufficiale.it/eli/id/2026/03/23/26G00050/sg
26G00051	2026-03-24	LEGGE	35	2026-03-09	MATCH			69	2026-04-08	https://www.gazzettaufficiale.it/eli/id/2026/03/24/26G00051/sg
26G00053	2026-03-25	LEGGE	36	2026-03-17	MATCH			70	2026-04-09	https://www.gazzettaufficiale.it/eli/id/2026/03/25/26G00053/sg
26G00054	2026-03-27	LEGGE	37	2026-03-17	MATCH			72	2026-04-11	https://www.gazzettaufficiale.it/eli/id/2026/03/27/26G00054/sg
26G00056	2026-03-27	DECRETO_LEGISLATIVO	39	2026-03-13	MATCH			72	2026-03-28	https://www.gazzettaufficiale.it/eli/id/2026/03/27/26G00056/sg
26G00057	2026-03-27	DECRETO-LEGGE	38	2026-03-27	MATCH			72	2026-03-28	https://www.gazzettaufficiale.it/eli/id/2026/03/27/26G00057/sg
26G00055	2026-03-30	LEGGE	40	2026-03-17	MATCH			74	2026-04-14	https://www.gazzettaufficiale.it/eli/id/2026/03/30/26G00055/sg
26G00061	2026-04-03	DECRETO-LEGGE	42	2026-04-03	MATCH			78	2026-04-04	https://www.gazzettaufficiale.it/eli/id/2026/04/03/26G00061/sg
26G00062	2026-04-10	LEGGE	45	2026-04-01	MATCH			83	2026-04-11	https://www.gazzettaufficiale.it/eli/id/2026/04/10/26G00062/sg
26G00063	2026-04-10	LEGGE	46	2026-04-01	MATCH			83	2026-04-11	https://www.gazzettaufficiale.it/eli/id/2026/04/10/26G00063/sg
26G00064	2026-04-14	DECRETO_LEGISLATIVO	47	2026-03-27	MATCH			86	2026-04-29	https://www.gazzettaufficiale.it/eli/id/2026/04/14/26G00064/sg
26G00065	2026-04-15	LEGGE	48	2026-04-01	MATCH			87	2026-04-30	https://www.gazzettaufficiale.it/eli/id/2026/04/15/26G00065/sg
26G00066	2026-04-18	LEGGE	49	2026-04-10	MATCH			90	2026-04-19	https://www.gazzettaufficiale.it/eli/id/2026/04/18/26G00066/sg
26G00067	2026-04-20	LEGGE	50	2026-04-20	MATCH			91	2026-04-21	https://www.gazzettaufficiale.it/eli/id/2026/04/20/26G00067/sg
26G00068	2026-04-22	DECRETO_LEGISLATIVO	51	2026-04-02	MATCH			93	2026-05-07	https://www.gazzettaufficiale.it/eli/id/2026/04/22/26G00068/sg
26G00069	2026-04-23	LEGGE	53	2026-04-07	MATCH			94	2026-05-08	https://www.gazzettaufficiale.it/eli/id/2026/04/23/26G00069/sg
26G00076	2026-04-23	LEGGE	52	2026-04-01	MATCH			94	2026-04-24	https://www.gazzettaufficiale.it/eli/id/2026/04/23/26G00076/sg
26G00078	2026-04-24	LEGGE	54	2026-04-24	MATCH			95	2026-04-25	https://www.gazzettaufficiale.it/eli/id/2026/04/24/26G00078/sg
26G00081	2026-04-24	DECRETO-LEGGE	55	2026-04-24	MATCH			95	2026-04-25	https://www.gazzettaufficiale.it/eli/id/2026/04/24/26G00081/sg
26G00074	2026-04-27	DECRETO_LEGISLATIVO	58	2026-04-02	MATCH			96	2026-05-12	https://www.gazzettaufficiale.it/eli/id/2026/04/27/26G00074/sg
26G00077	2026-04-27	LEGGE	56	2026-04-01	MATCH			96	2026-04-28	https://www.gazzettaufficiale.it/eli/id/2026/04/27/26G00077/sg
26G00079	2026-04-27	DECRETO_LEGISLATIVO	57	2026-03-27	MATCH			96	2026-05-12	https://www.gazzettaufficiale.it/eli/id/2026/04/27/26G00079/sg
26G00080	2026-04-28	LEGGE	59	2026-04-27	MATCH			97	2026-04-28	https://www.gazzettaufficiale.it/eli/id/2026/04/28/26G00080/sg
26G00070	2026-04-29	LEGGE	60	2026-04-10	MATCH			98	2026-04-30	https://www.gazzettaufficiale.it/eli/id/2026/04/29/26G00070/sg
26G00071	2026-04-30	LEGGE	61	2026-04-10	MATCH			99	2026-05-01	https://www.gazzettaufficiale.it/eli/id/2026/04/30/26G00071/sg
26G00082	2026-04-30	DECRETO-LEGGE	62	2026-04-30	MATCH			99	2026-05-01	https://www.gazzettaufficiale.it/eli/id/2026/04/30/26G00082/sg
26G00083	2026-04-30	DECRETO-LEGGE	63	2026-04-30	MATCH			99	2026-05-01	https://www.gazzettaufficiale.it/eli/id/2026/04/30/26G00083/sg
26G00072	2026-05-05	LEGGE	64	2026-04-10	MATCH			102	2026-05-06	https://www.gazzettaufficiale.it/eli/id/2026/05/05/26G00072/sg
26G00073	2026-05-06	LEGGE	65	2026-04-10	MATCH			103	2026-05-07	https://www.gazzettaufficiale.it/eli/id/2026/05/06/26G00073/sg
26G00075	2026-05-07	DECRETO_LEGISLATIVO	67	2026-03-31	MATCH			104	2026-05-22	https://www.gazzettaufficiale.it/eli/id/2026/05/07/26G00075/sg
26G00090	2026-05-07	DECRETO-LEGGE	66	2026-05-07	MATCH			104	2026-05-08	https://www.gazzettaufficiale.it/eli/id/2026/05/07/26G00090/sg
26G00085	2026-05-08	LEGGE	68	2026-04-10	MATCH			105	2026-05-09	https://www.gazzettaufficiale.it/eli/id/2026/05/08/26G00085/sg
26G00091	2026-05-09	LEGGE	70	2026-05-07	MATCH			106	2026-05-10	https://www.gazzettaufficiale.it/eli/id/2026/05/09/26G00091/sg
26G00092	2026-05-09	LEGGE	71	2026-05-08	MATCH			106	2026-05-10	https://www.gazzettaufficiale.it/eli/id/2026/05/09/26G00092/sg
26G00087	2026-05-12	DECRETO_LEGISLATIVO	72	2026-04-10	MATCH			108	2026-05-27	https://www.gazzettaufficiale.it/eli/id/2026/05/12/26G00087/sg
26G00088	2026-05-13	DECRETO_LEGISLATIVO	74	2026-04-03	MATCH			109	2026-05-28	https://www.gazzettaufficiale.it/eli/id/2026/05/13/26G00088/sg
26G00089	2026-05-14	LEGGE	75	2026-04-21	MATCH			110	2026-05-29	https://www.gazzettaufficiale.it/eli/id/2026/05/14/26G00089/sg
26G00094	2026-05-14	LEGGE	76	2026-04-30	MATCH			110	2026-05-29	https://www.gazzettaufficiale.it/eli/id/2026/05/14/26G00094/sg
26G00093	2026-05-15	DECRETO_LEGISLATIVO	78	2026-04-08	MATCH			111	2026-05-16	https://www.gazzettaufficiale.it/eli/id/2026/05/15/26G00093/sg
26G00097	2026-05-15	LEGGE	77	2026-05-06	MATCH			111	2026-05-30	https://www.gazzettaufficiale.it/eli/id/2026/05/15/26G00097/sg
26G00095	2026-05-16	DECRETO_LEGISLATIVO	80	2026-04-08	MATCH			112	2026-05-31	https://www.gazzettaufficiale.it/eli/id/2026/05/16/26G00095/sg
26G00102	2026-05-16	LEGGE	79	2026-05-13	MATCH			112	2026-05-17	https://www.gazzettaufficiale.it/eli/id/2026/05/16/26G00102/sg
26G00096	2026-05-18	DECRETO_LEGISLATIVO	81	2026-04-21	MATCH			113	2026-06-02	https://www.gazzettaufficiale.it/eli/id/2026/05/18/26G00096/sg
26G00100	2026-05-20	DECRETO_LEGISLATIVO	83	2026-04-16	MATCH			115	2026-06-04	https://www.gazzettaufficiale.it/eli/id/2026/05/20/26G00100/sg
26G00098	2026-05-21	DECRETO_LEGISLATIVO	86	2026-04-29	MATCH			116	2026-05-22	https://www.gazzettaufficiale.it/eli/id/2026/05/21/26G00098/sg
26G00103	2026-05-21	LEGGE	85	2026-05-06	MATCH			116	2026-06-05	https://www.gazzettaufficiale.it/eli/id/2026/05/21/26G00103/sg
26G00104	2026-05-22	LEGGE	87	2026-05-07	MATCH			117	2026-05-22	https://www.gazzettaufficiale.it/eli/id/2026/05/22/26G00104/sg
26G00109	2026-05-22	LEGGE	88	2026-05-22	MATCH			117	2026-05-23	https://www.gazzettaufficiale.it/eli/id/2026/05/22/26G00109/sg
26G00110	2026-05-22	DECRETO-LEGGE	89	2026-05-22	MATCH			117	2026-05-23	https://www.gazzettaufficiale.it/eli/id/2026/05/22/26G00110/sg
26G00106	2026-05-23	DECRETO_LEGISLATIVO	91	2026-05-07	MATCH			118	2026-06-07	https://www.gazzettaufficiale.it/eli/id/2026/05/23/26G00106/sg
26G00107	2026-05-25	LEGGE	92	2026-05-07	MATCH			119	2026-05-25	https://www.gazzettaufficiale.it/eli/id/2026/05/25/26G00107/sg
26G00108	2026-05-27	LEGGE	93	2026-05-07	MATCH			121	2026-05-27	https://www.gazzettaufficiale.it/eli/id/2026/05/27/26G00108/sg
26G00111	2026-05-29	DECRETO_LEGISLATIVO	94	2026-05-06	MATCH			123	2026-06-13	https://www.gazzettaufficiale.it/eli/id/2026/05/29/26G00111/sg
26G00112	2026-06-01	DECRETO_LEGISLATIVO	96	2026-05-07	MATCH			125	2026-06-07	https://www.gazzettaufficiale.it/eli/id/2026/06/01/26G00112/sg
26G00114	2026-06-05	DECRETO_LEGISLATIVO	97	2026-05-07	MATCH			128	2026-06-20	https://www.gazzettaufficiale.it/eli/id/2026/06/05/26G00114/sg
26G00117	2026-06-12	LEGGE	99	2026-05-15	MATCH			134	2026-06-27	https://www.gazzettaufficiale.it/eli/id/2026/06/12/26G00117/sg
26G00119	2026-06-12	DECRETO-LEGGE	100	2026-06-12	MATCH			134	2026-06-12	https://www.gazzettaufficiale.it/eli/id/2026/06/12/26G00119/sg
26G00118	2026-06-16	LEGGE	101	2026-06-08	MATCH			137	2026-07-01	https://www.gazzettaufficiale.it/eli/id/2026/06/16/26G00118/sg
26G00123	2026-06-20	LEGGE	103	2026-06-19	MATCH			141	2026-06-21	https://www.gazzettaufficiale.it/eli/id/2026/06/20/26G00123/sg
26G00121	2026-06-22	LEGGE	104	2026-06-09	MATCH			142	2026-07-07	https://www.gazzettaufficiale.it/eli/id/2026/06/22/26G00121/sg
26G00122	2026-06-23	LEGGE	105	2026-06-09	MATCH			143	2026-07-08	https://www.gazzettaufficiale.it/eli/id/2026/06/23/26G00122/sg
26G00124	2026-06-25	LEGGE	106	2026-06-12	MATCH			145	2026-06-26	https://www.gazzettaufficiale.it/eli/id/2026/06/25/26G00124/sg
26G00132	2026-06-26	DECRETO-LEGGE	107	2026-06-26	MATCH			146	2026-06-27	https://www.gazzettaufficiale.it/eli/id/2026/06/26/26G00132/sg
26G00133	2026-06-26	DECRETO-LEGGE	108	2026-06-26	MATCH			146	2026-06-26	https://www.gazzettaufficiale.it/eli/id/2026/06/26/26G00133/sg
26G00127	2026-06-27	LEGGE	111	2026-06-12	MATCH			147	2026-07-27	https://www.gazzettaufficiale.it/eli/id/2026/06/27/26G00127/sg
26G00128	2026-06-27	LEGGE	112	2026-06-25	MATCH			147	2026-06-28	https://www.gazzettaufficiale.it/eli/id/2026/06/27/26G00128/sg
26G00129	2026-06-27	LEGGE	113	2026-06-25	MATCH			147	2026-06-28	https://www.gazzettaufficiale.it/eli/id/2026/06/27/26G00129/sg
26G00130	2026-07-01	DECRETO_LEGISLATIVO	115	2026-06-12	MATCH			150	2026-07-16	https://www.gazzettaufficiale.it/eli/id/2026/07/01/26G00130/sg
26G00131	2026-07-03	DECRETO_LEGISLATIVO	117	2026-06-19	MATCH			152	2026-07-04	https://www.gazzettaufficiale.it/eli/id/2026/07/03/26G00131/sg
26G00137	2026-07-03	LEGGE	116	2026-07-02	MATCH			152	2026-07-04	https://www.gazzettaufficiale.it/eli/id/2026/07/03/26G00137/sg
26G00139	2026-07-04	LEGGE	119	2026-07-02	MATCH			153	2026-07-19	https://www.gazzettaufficiale.it/eli/id/2026/07/04/26G00139/sg
26G00136	2026-07-06	LEGGE	120	2026-06-19	MATCH			154	2026-07-21	https://www.gazzettaufficiale.it/eli/id/2026/07/06/26G00136/sg
26G00140	2026-07-08	DECRETO_LEGISLATIVO	122	2026-06-10	MATCH			156	2026-07-23	https://www.gazzettaufficiale.it/eli/id/2026/07/08/26G00140/sg
26G00141	2026-07-09	DECRETO_LEGISLATIVO	123	2026-06-18	MATCH			157	2026-07-24	https://www.gazzettaufficiale.it/eli/id/2026/07/09/26G00141/sg
26G00143	2026-07-15	LEGGE	125	2026-07-08	MATCH			162	2026-07-15	https://www.gazzettaufficiale.it/eli/id/2026/07/15/26G00143/sg
26G00144	2026-07-17	LEGGE	126	2026-07-08	MATCH			164	2026-08-01	https://www.gazzettaufficiale.it/eli/id/2026/07/17/26G00144/sg
26G00145	2026-07-23	DECRETO_LEGISLATIVO	128	2026-06-25	MATCH			169	2026-08-07	https://www.gazzettaufficiale.it/eli/id/2026/07/23/26G00145/sg
26G00151	2026-07-23	DECRETO-LEGGE	127	2026-07-23	MATCH			169	2026-07-24	https://www.gazzettaufficiale.it/eli/id/2026/07/23/26G00151/sg
26G00146	2026-07-24	LEGGE	129	2026-07-16	MATCH			170	2026-08-08	https://www.gazzettaufficiale.it/eli/id/2026/07/24/26G00146/sg
26G00147	2026-07-25	LEGGE	131	2026-07-17	MATCH			171	2026-08-09	https://www.gazzettaufficiale.it/eli/id/2026/07/25/26G00147/sg
26G00148	2026-07-27	LEGGE	132	2026-07-16	MATCH			172	2026-08-11	https://www.gazzettaufficiale.it/eli/id/2026/07/27/26G00148/sg
26G00155	2026-07-27	DECRETO-LEGGE	133	2026-07-27	MATCH			172	2026-07-28	https://www.gazzettaufficiale.it/eli/id/2026/07/27/26G00155/sg
26G00150	2026-07-28	LEGGE	134	2026-07-16	MATCH			173	2026-08-12	https://www.gazzettaufficiale.it/eli/id/2026/07/28/26G00150/sg
26G00154	2026-07-29	LEGGE	135	2026-07-23	MATCH			174	2026-08-13	https://www.gazzettaufficiale.it/eli/id/2026/07/29/26G00154/sg
26G00152	2026-07-31	DECRETO_LEGISLATIVO	136	2026-07-03	MATCH			176	2026-08-15	https://www.gazzettaufficiale.it/eli/id/2026/07/31/26G00152/sg
26G00153	2026-08-01	LEGGE	137	2026-07-28	MATCH			177	2026-08-16	https://www.gazzettaufficiale.it/eli/id/2026/08/01/26G00153/sg
26G00156	2026-08-03	DECRETO_LEGISLATIVO	138	2026-06-26	MATCH			178	2026-08-18	https://www.gazzettaufficiale.it/eli/id/2026/08/03/26G00156/sg
26G00162	2026-08-05	DECRETO-LEGGE	139	2026-08-05	MATCH			180	2026-08-06	https://www.gazzettaufficiale.it/eli/id/2026/08/05/26G00162/sg
26G00157	2026-08-06	LEGGE	140	2026-08-05	MATCH			181	2026-08-21	https://www.gazzettaufficiale.it/eli/id/2026/08/06/26G00157/sg
26G00160	2026-08-06	DECRETO_LEGISLATIVO	141	2026-08-05	MATCH			181	2026-08-07	https://www.gazzettaufficiale.it/eli/id/2026/08/06/26G00160/sg
26G00163	2026-08-07	LEGGE	142	2026-08-04	MATCH			182	2026-08-08	https://www.gazzettaufficiale.it/eli/id/2026/08/07/26G00163/sg
26G00166	2026-08-07	DECRETO-LEGGE	143	2026-08-07	MATCH			182	2026-08-08	https://www.gazzettaufficiale.it/eli/id/2026/08/07/26G00166/sg
26G00167	2026-08-07	DECRETO-LEGGE	144	2026-08-07	MATCH			182	2026-08-08	https://www.gazzettaufficiale.it/eli/id/2026/08/07/26G00167/sg
26G00164	2026-08-08	LEGGE	145	2026-08-07	MATCH			183	2026-08-09	https://www.gazzettaufficiale.it/eli/id/2026/08/08/26G00164/sg
26G00168	2026-08-11	DECRETO_LEGISLATIVO	147	2026-08-07	MATCH			185	2026-08-12	https://www.gazzettaufficiale.it/eli/id/2026/08/11/26G00168/sg
26G00169	2026-08-11	DECRETO_LEGISLATIVO	148	2026-08-07	MATCH			185	2026-08-12	https://www.gazzettaufficiale.it/eli/id/2026/08/11/26G00169/sg
26G00170	2026-08-11	DECRETO_LEGISLATIVO	149	2026-08-07	MATCH			185	2026-08-26	https://www.gazzettaufficiale.it/eli/id/2026/08/11/26G00170/sg
26G00161	2026-08-12	DECRETO_LEGISLATIVO	151	2026-07-30	MATCH			186	2026-08-27	https://www.gazzettaufficiale.it/eli/id/2026/08/12/26G00161/sg
26G00165	2026-08-20	LEGGE	152	2026-08-07	MATCH			192	2026-08-21	https://www.gazzettaufficiale.it/eli/id/2026/08/20/26G00165/sg
26G00173	2026-08-26	DECRETO-LEGGE	153	2026-08-26	MATCH			197	2026-08-27	https://www.gazzettaufficiale.it/eli/id/2026/08/26/26G00173/sg
26G00174	2026-08-28	DECRETO-LEGGE	154	2026-08-28	MATCH			199	2026-08-29	https://www.gazzettaufficiale.it/eli/id/2026/08/28/26G00174/sg
26G00178	2026-09-10	DECRETO-LEGGE	157	2026-09-10	MATCH			210	2026-09-11	https://www.gazzettaufficiale.it/eli/id/2026/09/10/26G00178/sg
26G00175	2026-09-11	LEGGE	158	2026-09-01	MATCH			211	2026-09-26	https://www.gazzettaufficiale.it/eli/id/2026/09/11/26G00175/sg
26G00176	2026-09-14	LEGGE	159	2026-09-01	MATCH			213	2026-09-15	https://www.gazzettaufficiale.it/eli/id/2026/09/14/26G00176/sg
26G00179	2026-09-15	DECRETO_LEGISLATIVO	160	2026-09-09	MATCH			214	2026-09-30	https://www.gazzettaufficiale.it/eli/id/2026/09/15/26G00179/sg
26G00181	2026-09-17	DECRETO-LEGGE	162	2026-09-17	MATCH			216	2026-09-18	https://www.gazzettaufficiale.it/eli/id/2026/09/17/26G00181/sg
26G00180	2026-09-19	LEGGE	163	2026-09-17	MATCH			218	2026-09-20	https://www.gazzettaufficiale.it/eli/id/2026/09/19/26G00180/sg
26G00182	2026-09-24	LEGGE	164	2026-09-18	MATCH			222	2026-10-09	https://www.gazzettaufficiale.it/eli/id/2026/09/24/26G00182/sg
26G00183	2026-09-24	LEGGE	165	2026-09-18	MATCH			222	2026-10-09	https://www.gazzettaufficiale.it/eli/id/2026/09/24/26G00183/sg
26G00184	2026-09-25	LEGGE	166	2026-09-25	MATCH			223	2026-09-26	https://www.gazzettaufficiale.it/eli/id/2026/09/25/26G00184/sg
26G00186	2026-09-28	DECRETO-LEGGE	167	2026-09-28	MATCH			225	2026-09-29	https://www.gazzettaufficiale.it/eli/id/2026/09/28/26G00186/sg
